Release,Hardware arch,Patch,Comment,Category
2.2,All,https://ftp.openbsd.org/pub/OpenBSD/patches/2.2/common/ipsec.patch,,Security
2.2,All,https://ftp.openbsd.org/pub/OpenBSD/patches/2.2/common/xterm-xaw.patch,,Security
2.2,All,https://ftp.openbsd.org/pub/OpenBSD/patches/2.2/common/rmjob.patch,,Security
2.2,All,https://ftp.openbsd.org/pub/OpenBSD/patches/2.2/common/uucpd.patch,,Security
2.2,All,https://ftp.openbsd.org/pub/OpenBSD/patches/2.2/common/named.patch,,Security
2.2,All,https://ftp.openbsd.org/pub/OpenBSD/patches/2.2/common/ping.patch,,Security
2.2,All,https://ftp.openbsd.org/pub/OpenBSD/patches/2.2/common/sourceroute.patch,,Security
2.2,All,"https://ftp.openbsd.org/pub/OpenBSD/patches/2.2/common/nosuidcoredump.patch, https://ftp.openbsd.org/pub/OpenBSD/patches/2.2/common/rcmd.patch",,Security
2.2,All,https://ftp.openbsd.org/pub/OpenBSD/patches/2.2/common/vm_mmap.patch,,Security
2.2,All,https://ftp.openbsd.org/pub/OpenBSD/patches/2.2/common/readlink.c,,Build process fix
2.2,All,https://ftp.openbsd.org/pub/OpenBSD/patches/2.2/common/mountd.patch,,Security
2.2,All,https://ftp.openbsd.org/pub/OpenBSD/patches/2.2/common/send.patch,,Reliability
2.2,i386,https://ftp.openbsd.org/pub/OpenBSD/patches/2.2/i386/f00f.patch,,Reliability
2.2,i386,https://ftp.openbsd.org/pub/OpenBSD/patches/2.2/i386/compat_linux.patch,,Functionality
2.2,i386,https://ftp.openbsd.org/pub/OpenBSD/patches/2.2/i386/apm.patch,,Reliability
2.2,All,-,,Installation process flaw
2.2,mac68k,-,,New software
2.2,mac68k,-,,Installation process flaw
2.2,sparc,https://ftp.OpenBSD.org/pub/OpenBSD/patches/2.2/sparc/esp.patch,,Reliability
2.2,sparc,https://ftp.OpenBSD.org/pub/OpenBSD/patches/2.2/sparc/sun4m.patch,,Reliability
2.2,amiga,-,,Functionality
2.2,All,-,,Functionality
2.2,pmax,https://ftp.openbsd.org/pub/OpenBSD/patches/2.2/pmax/clock.patch,,Functionality
2.2,pmax,https://ftp.openbsd.org/pub/OpenBSD/patches/2.2/pmax/fb.patch,,Functionality
2.2,pmax,-,duplicate issue,Security
2.2,pmax,-,,Security
2.2,All,-,,Missing functionality
2.3,All,https://ftp.openbsd.org/pub/OpenBSD/patches/2.3/common/bootpd.patch,,Security
2.3,All,https://ftp.openbsd.org/pub/OpenBSD/patches/2.3/common/tcpfix.patch,,Security
2.3,All,https://ftp.openbsd.org/pub/OpenBSD/patches/2.3/common/acd.patch,,Hardware support
2.3,All,https://ftp.openbsd.org/pub/OpenBSD/patches/2.3/common/chpass.patch,,Security
2.3,All,https://ftp.openbsd.org/pub/OpenBSD/patches/2.3/common/resid.patch,,Reliability
2.3,All,https://ftp.openbsd.org/pub/OpenBSD/patches/2.3/common/inetd.patch,,Security
2.3,All,https://ftp.openbsd.org/pub/OpenBSD/patches/2.3/common/unionfs.patch,,Bug fix
2.3,All,https://ftp.openbsd.org/pub/OpenBSD/patches/2.3/common/fdalloc.patch,,Security
2.3,All,https://ftp.openbsd.org/pub/OpenBSD/patches/2.3/common/resolver.patch,,Security
2.3,All,https://ftp.openbsd.org/pub/OpenBSD/patches/2.3/common/XFree86-3.3.2.2.patch,,Security
2.3,All,https://ftp.openbsd.org/pub/OpenBSD/patches/2.3/common/kill.patch,,Security
2.3,All,https://ftp.openbsd.org/pub/OpenBSD/patches/2.3/common/immutable.patch,,Security
2.3,All,https://ftp.openbsd.org/pub/OpenBSD/patches/2.3/common/ipsec.patch,,Security
2.3,All,https://ftp.openbsd.org/pub/OpenBSD/patches/2.3/common/xterm-xaw.patch,,Security
2.3,All,-,,Reliability
2.3,i386,-,,Corrupted file
2.3,i386,https://ftp.openbsd.org/pub/OpenBSD/patches/2.3/i386/pcvt.patch,,Reliability
2.3,sparc,https://ftp.openbsd.org/pub/OpenBSD/patches/2.3/sparc/iommureg.patch,,Reliability
2.3,All,-,,Minor incompatibility
2.3,All,-,,Release warning
2.3,All,-,,X11 release error
2.3,All,-,,X11 release error
2.3,All,-,,Installation process flaw
2.3,All,-,,Release warning
2.3,All,-,,X11 release error
2.3,All,-,,Release warning
2.3,All,-,,Release warning
2.3,All,-,,Release warning
2.3,powerpc,-,,Security
2.4,All,https://ftp.openbsd.org/pub/OpenBSD/patches/2.4/common/bmap.patch,,Functionality
2.4,All,https://ftp.openbsd.org/pub/OpenBSD/patches/2.4/common/lnpanic.patch,,Functionality
2.4,All,https://ftp.openbsd.org/pub/OpenBSD/patches/2.4/common/poll.patch,,Security
2.4,All,https://ftp.openbsd.org/pub/OpenBSD/patches/2.4/common/nlink.patch,,Security
2.4,All,https://ftp.openbsd.org/pub/OpenBSD/patches/2.4/common/ping.patch,,Security
2.4,All,https://ftp.openbsd.org/pub/OpenBSD/patches/2.4/common/ipqrace.patch,,Security
2.4,All,https://ftp.openbsd.org/pub/OpenBSD/patches/2.4/common/accept.patch,,Security
2.4,All,https://ftp.openbsd.org/pub/OpenBSD/patches/2.4/common/maxqueue.patch,,Security
2.4,All,https://ftp.openbsd.org/pub/OpenBSD/patches/2.4/common/uio.patch,,Functionality
2.4,All,https://ftp.openbsd.org/pub/OpenBSD/patches/2.4/common/rst.patch,,Security
2.4,All,https://ftp.openbsd.org/pub/OpenBSD/patches/2.4/common/kvm_mkdb.patch,,Functionality
2.4,All,https://ftp.openbsd.org/pub/OpenBSD/patches/2.4/common/nfs3_solaris7.patch,,Functionality
2.4,All,https://ftp.openbsd.org/pub/OpenBSD/patches/2.4/common/nfs3.patch,,Functionality
2.4,All,https://ftp.openbsd.org/pub/OpenBSD/patches/2.4/common/termcap.patch,,Security
2.4,All,https://ftp.openbsd.org/pub/OpenBSD/patches/2.4/common/terminfo.src.patch,,Functionality
2.4,All,https://ftp.openbsd.org/pub/OpenBSD/patches/2.4/common/userdir.patch,,Functionality
2.4,All,https://ftp.openbsd.org/pub/OpenBSD/patches/2.4/common/bootpd.patch,,Security
2.4,All,https://ftp.openbsd.org/pub/OpenBSD/patches/2.4/common/tcpfix.patch,,Security
2.4,i386,https://ftp.openbsd.org/pub/OpenBSD/patches/2.4/i386/tss.patch,,Security
2.4,i386,https://ftp.openbsd.org/pub/OpenBSD/patches/2.4/i386/bootargv.patch,,Functionality
2.4,i386,https://ftp.openbsd.org/pub/OpenBSD/patches/2.4/i386/trctrap.patch,,Security
2.4,i386,https://ftp.openbsd.org/pub/OpenBSD/patches/2.4/i386/installboot.patch,,Functionality
2.4,sparc,https://ftp.openbsd.org/pub/OpenBSD/patches/2.4/sparc/hme.patch,,Driver
2.4,sparc,https://ftp.openbsd.org/pub/OpenBSD/patches/2.4/sparc/le.patch,,Driver
2.4,All,-,,Functionality
2.5,All,https://ftp.openbsd.org/pub/OpenBSD/patches/2.5/common/012_cron.patch,,Security
2.5,All,https://ftp.openbsd.org/pub/OpenBSD/patches/2.5/common/011_miscfs.patch,,Security
2.5,All,https://ftp.openbsd.org/pub/OpenBSD/patches/2.5/common/010_profil.patch,,Security
2.5,All,https://ftp.openbsd.org/pub/OpenBSD/patches/2.5/common/009_ipsec_in_use.patch,,Security
2.5,All,https://ftp.openbsd.org/pub/OpenBSD/patches/2.5/common/008_rc.patch,,Security
2.5,All,https://ftp.openbsd.org/pub/OpenBSD/patches/2.5/common/007_chflags.patch,,Security
2.5,All,https://ftp.openbsd.org/pub/OpenBSD/patches/2.5/common/006_nroff.patch,,Security
2.5,All,https://ftp.openbsd.org/pub/OpenBSD/patches/2.5/common/005_fts.patch,,Reliability
2.5,All,https://ftp.openbsd.org/pub/OpenBSD/patches/2.5/common/004_tcpsack.patch,,Reliability
2.5,All,https://ftp.openbsd.org/pub/OpenBSD/patches/2.5/common/003_espdata.patch,,Reliability
2.5,All,https://ftp.openbsd.org/pub/OpenBSD/patches/2.5/common/002_bmap.patch,,Reliability
2.5,All,https://ftp.openbsd.org/pub/OpenBSD/patches/2.5/common/001_pfkey.patch,,Reliability
2.5,i386,https://ftp.openbsd.org/pub/OpenBSD/patches/2.5/i386/014_y2k.patch,,Y2K
2.5,i386,https://ftp.openbsd.org/pub/OpenBSD/patches/2.5/i386/013_brooktree.patch,,Reliability
2.5,mac68k,https://ftp.openbsd.org/pub/OpenBSD/2.5/mac68k/utils,,Installation
2.5,powerpc,https://ftp.openbsd.org/pub/OpenBSD/patches/2.5/powerpc/001_trap.patch,,Reliability
2.6,All,https://ftp.openbsd.org/pub/OpenBSD/patches/2.6/common/024_sysv_sem.patch,,Security
2.6,All,https://ftp.openbsd.org/pub/OpenBSD/patches/2.6/common/023_ipf.patch,,Security
2.6,All,https://ftp.openbsd.org/pub/OpenBSD/patches/2.6/common/022_xlockmore.patch,,Security
2.6,All,-,,RZCZ snooping
2.6,All,https://ftp.openbsd.org/pub/OpenBSD/patches/2.6/common/020_syslog.patch,,Library improvement
2.6,All,https://ftp.openbsd.org/pub/OpenBSD/patches/2.6/common/019_nsphy.patch,,Driver improvement
2.6,All,https://ftp.openbsd.org/pub/OpenBSD/patches/2.6/common/018_procfs.patch,,Security
2.6,All,https://ftp.openbsd.org/pub/OpenBSD/patches/2.6/common/008_fortran.patch,wrong patch number,Functionality
2.6,All,-,,Security
2.6,All,https://ftp.openbsd.org/pub/OpenBSD/patches/2.6/common/015_aty2k.patch,,Y2K
2.6,sparc,https://ftp.openbsd.org/pub/OpenBSD/patches/2.6/sparc/014_eepromy2k.patch,,Y2K
2.6,All,https://ftp.openbsd.org/pub/OpenBSD/patches/2.6/common/013_addusery2k.patch,,Y2K
2.6,All,https://ftp.openbsd.org/pub/OpenBSD/patches/2.6/common/012_3c900b.patch,,Driver improvement
2.6,All,https://ftp.openbsd.org/pub/OpenBSD/patches/2.6/common/011_poll.patch,,Security
2.6,All,https://ftp.openbsd.org/pub/OpenBSD/patches/2.6/common/010_sendmail.patch,,Security
2.6,All,https://ftp.openbsd.org/pub/OpenBSD/patches/2.6/common/009_atapi.patch,,Driver improvement
2.6,m68k,https://ftp.openbsd.org/pub/OpenBSD/patches/2.6/m68k/007_locore.patch,,Reliability
2.6,alpha,https://ftp.openbsd.org/pub/OpenBSD/patches/2.6/alpha/006_locore.patch,,Reliability
2.6,All,https://ftp.openbsd.org/pub/OpenBSD/patches/2.6/common/005_sshjumbo.patch,,Functionality
2.6,sparc,https://ftp.openbsd.org/pub/OpenBSD/patches/2.6/sparc/004_locore.patch,,Reliability
2.6,All,https://ftp.openbsd.org/pub/OpenBSD/patches/2.6/common/003_m4.patch,,Functionality
2.6,All,https://ftp.openbsd.org/pub/OpenBSD/patches/2.6/common/002_ifmedia.patch,,Security
2.6,All,https://ftp.openbsd.org/pub/OpenBSD/patches/2.6/common/001_newsyslog.patch,,Reliability
2.7,All,https://ftp.openbsd.org/pub/OpenBSD/patches/2.7/common/040_readline.patch,,Security
2.7,All,-,description of issue number 39 is absent,
2.7,All,https://ftp.openbsd.org/pub/OpenBSD/patches/2.7/common/038_named.patch,,Security
2.7,All,https://ftp.openbsd.org/pub/OpenBSD/patches/2.7/common/037_ftpd.patch,,Security
2.7,sparc,https://ftp.openbsd.org/pub/OpenBSD/patches/2.7/sparc/036_qe.patch,,Reliability
2.7,All,https://ftp.openbsd.org/pub/OpenBSD/patches/2.7/common/035_sshforwarding.patch,,Security
2.7,sparc,https://ftp.openbsd.org/pub/OpenBSD/patches/2.7/sparc/034_zsconsole.patch,,Reliability
2.7,All,https://ftp.openbsd.org/pub/OpenBSD/patches/2.7/common/033_execsubr.patch,,Reliability
2.7,All,https://ftp.openbsd.org/pub/OpenBSD/patches/2.7/common/032_xtrans.patch,,Security
2.7,All,https://ftp.openbsd.org/pub/OpenBSD/patches/2.7/common/031_httpd.patch,,Security
2.7,All,https://ftp.openbsd.org/pub/OpenBSD/patches/2.7/common/030_telnetd.patch,,Security
2.7,All,https://ftp.openbsd.org/pub/OpenBSD/patches/2.7/common/029_sendmail.patch,,Reliability
2.7,All,https://ftp.openbsd.org/pub/OpenBSD/patches/2.7/common/028_format_strings.patch,,Security
2.7,All,https://ftp.openbsd.org/pub/OpenBSD/patches/2.7/common/027_curses.patch,,Security
2.7,All,https://ftp.openbsd.org/pub/OpenBSD/patches/2.7/common/026_talkd.patch,,Security
2.7,All,https://ftp.openbsd.org/pub/OpenBSD/patches/2.7/common/025_pw_error.patch,,Security
2.7,All,https://ftp.openbsd.org/pub/OpenBSD/patches/2.7/common/024_ipsec.patch,,Security
2.7,All,https://ftp.openbsd.org/pub/OpenBSD/patches/2.7/common/023_xlock.patch,,Security
2.7,All,-,,Installation fix
2.7,All,https://ftp.openbsd.org/pub/OpenBSD/patches/2.7/common/021_X11_libs.patch,,Security
2.7,pmax,https://ftp.openbsd.org/pub/OpenBSD/patches/2.7/pmax/020_pmax_msgbuf.patch,,Kernel bug
2.7,All,https://ftp.openbsd.org/pub/OpenBSD/patches/2.7/common/019_ftpd.patch,,Security
2.7,All,https://ftp.openbsd.org/pub/OpenBSD/patches/2.7/common/018_mopd.patch,,Security
2.7,All,https://ftp.openbsd.org/pub/OpenBSD/patches/2.7/ports/017_screen.patch,,Installation bug
2.7,i386,https://ftp.openbsd.org/pub/OpenBSD/patches/2.7/i386/016_xlhash.patch,,Driver bug
2.7,i386,https://ftp.openbsd.org/pub/OpenBSD/patches/2.7/i386/015_ste.patch,,Driver bug
2.7,i386,https://ftp.openbsd.org/pub/OpenBSD/patches/2.7/i386/014_pcvt.patch,,Driver bug
2.7,All,https://ftp.openbsd.org/pub/OpenBSD/patches/2.7/common/013_libedit.patch,,Security
2.7,All,https://ftp.openbsd.org/pub/OpenBSD/patches/2.7/common/012_dhclient.patch,,Security
2.7,i386,https://ftp.openbsd.org/pub/OpenBSD/patches/2.7/i386/011_an.patch,,Driver bug
2.7,amiga,-,,CD distribution error
2.7,All,https://ftp.openbsd.org/pub/OpenBSD/patches/2.7/common/009_isakmpd.patch,,Security
2.7,All,https://ftp.openbsd.org/pub/OpenBSD/patches/2.7/common/008_msdosfs.patch,,Reliability
2.7,All,https://ftp.openbsd.org/pub/OpenBSD/patches/2.7/common/007_cd9660.patch,,Reliability
2.7,All,-,,Security
2.7,All,https://ftp.openbsd.org/pub/OpenBSD/patches/2.7/common/005_ipopts.patch,,Reliability
2.7,All,https://ftp.openbsd.org/pub/OpenBSD/patches/2.7/common/004_route.patch,,Reliability
2.7,All,https://ftp.openbsd.org/pub/OpenBSD/patches/2.7/common/003_bridge.patch,,Reliability
2.7,All,https://ftp.openbsd.org/pub/OpenBSD/patches/2.7/common/002_ef.patch,,Driver fix
2.7,All,https://ftp.openbsd.org/pub/OpenBSD/patches/2.7/common/001_ipf.patch,,Security
2.8,All,https://ftp.openbsd.org/pub/OpenBSD/patches/2.8/common/033_uucp.patch,,Security
2.8,All,https://ftp.openbsd.org/pub/OpenBSD/patches/2.8/common/032_lpd.patch,,Security
2.8,All,https://ftp.openbsd.org/pub/OpenBSD/patches/2.8/common/031_sendmail.patch,,Security
2.8,All,https://ftp.openbsd.org/pub/OpenBSD/patches/2.8/common/030_kernexec.patch,,Security
2.8,All,https://ftp.openbsd.org/pub/OpenBSD/patches/2.8/common/029_fts.patch,,Security
2.8,All,https://ftp.openbsd.org/pub/OpenBSD/patches/2.8/common/028_sendmail.patch,,Security
2.8,All,https://ftp.openbsd.org/pub/OpenBSD/patches/2.8/common/027_ipf-frag.patch,,Security
2.8,All,https://ftp.openbsd.org/pub/OpenBSD/patches/2.8/common/026_globlimit.patch,,Security
2.8,All,https://ftp.openbsd.org/pub/OpenBSD/patches/2.8/common/025_glob.patch,,Security
2.8,All,https://ftp.openbsd.org/pub/OpenBSD/patches/2.8/common/024_readline.patch,,Security
2.8,All,https://ftp.openbsd.org/pub/OpenBSD/patches/2.8/common/023_ip_ah.patch,,Security
2.8,i386,https://ftp.openbsd.org/pub/OpenBSD/patches/2.8/i386/022_userltd.patch,,Security
2.8,All,https://ftp.openbsd.org/pub/OpenBSD/patches/2.8/common/021_sudo.patch,,Security
2.8,All,https://ftp.openbsd.org/pub/OpenBSD/patches/2.8/common/020_libwrap.patch,,Implementation fix
2.8,All,https://ftp.openbsd.org/pub/OpenBSD/patches/2.8/common/019_lepci.patch,,Implementation fix
2.8,All,https://ftp.openbsd.org/pub/OpenBSD/patches/2.8/common/018_named.patch,,Security
2.8,All,https://ftp.openbsd.org/pub/OpenBSD/patches/2.8/common/017_rnd.patch,,Security
2.8,All,https://ftp.openbsd.org/pub/OpenBSD/patches/2.8/common/016_tl.patch,,Reliability
2.8,i386,https://ftp.openbsd.org/pub/OpenBSD/patches/2.8/i386/015_pms.patch,,Stability
2.8,All,https://ftp.openbsd.org/pub/OpenBSD/patches/2.8/common/014_xlock.patch,,Security
2.8,All,https://ftp.openbsd.org/pub/OpenBSD/patches/2.8/common/013_procfs.patch,,Security
2.8,powerpc,https://ftp.openbsd.org/pub/OpenBSD/patches/2.8/powerpc/012_imacdv.patch,,Install problem
2.8,All,https://ftp.openbsd.org/pub/OpenBSD/patches/2.8/common/011_hwcrypto.patch,,Reliability
2.8,All,https://ftp.openbsd.org/pub/OpenBSD/patches/2.8/common/010_fastroute.patch,,Reliability
2.8,All,https://ftp.openbsd.org/pub/OpenBSD/patches/2.8/common/009_kerberos2.patch,,Security
2.8,All,https://ftp.openbsd.org/pub/OpenBSD/patches/2.8/common/008_kerberos.patch,,Security
2.8,All,-,,Install problem
2.8,All,-,,Stability
2.8,All,https://ftp.openbsd.org/pub/OpenBSD/patches/2.8/common/005_ftpd.patch,,Security
2.8,All,https://ftp.openbsd.org/pub/OpenBSD/patches/2.8/common/004_rijndael.patch,,Reliability
2.8,sparc,https://ftp.openbsd.org/pub/OpenBSD/patches/2.8/sparc/003_qe.patch,,Reliability
2.8,All,https://ftp.openbsd.org/pub/OpenBSD/patches/2.8/common/002_sshskey.patch,,Implementation fix
2.8,sparc,https://ftp.openbsd.org/pub/OpenBSD/patches/2.8/sparc/001_zsconsole.patch,,Reliability
2.9,All,https://ftp.openbsd.org/pub/OpenBSD/patches/2.9/common/027_resolver.patch,,Security
2.9,All,https://ftp.openbsd.org/pub/OpenBSD/patches/2.9/common/026_fdalloc2.patch,,Security
2.9,All,https://ftp.openbsd.org/pub/OpenBSD/patches/2.9/common/025_sudo.patch,,Security
2.9,All,https://ftp.openbsd.org/pub/OpenBSD/patches/2.9/common/024_sshafs.patch,,Security
2.9,All,https://ftp.openbsd.org/pub/OpenBSD/patches/2.9/common/023_mail.patch,,Security
2.9,All,https://ftp.openbsd.org/pub/OpenBSD/patches/2.9/common/022_zlib.patch,,Reliability
2.9,All,https://ftp.openbsd.org/pub/OpenBSD/patches/2.9/common/021_openssh.patch,,Security
2.9,All,https://ftp.openbsd.org/pub/OpenBSD/patches/2.9/common/020_ptrace.patch,,Security
2.9,All,https://ftp.openbsd.org/pub/OpenBSD/patches/2.9/common/019_sudo.patch,,Security
2.9,All,-,,Install problem
2.9,All,https://ftp.openbsd.org/pub/OpenBSD/patches/2.9/common/017_lpd.patch,,Security
2.9,All,https://ftp.openbsd.org/pub/OpenBSD/patches/2.9/common/016_recover.patch,,Security
2.9,All,https://ftp.openbsd.org/pub/OpenBSD/patches/2.9/common/015_uucp.patch,,Security
2.9,All,https://ftp.openbsd.org/pub/OpenBSD/patches/2.9/common/014_lpd.patch,,Security
2.9,All,https://ftp.openbsd.org/pub/OpenBSD/patches/2.9/common/013_sendmail.patch,,Security
2.9,All,https://ftp.openbsd.org/pub/OpenBSD/patches/2.9/common/012_nfs.patch,,Security
2.9,All,https://ftp.openbsd.org/pub/OpenBSD/patches/2.9/common/011_pkg.patch,,Reliability
2.9,i386,https://ftp.openbsd.org/pub/OpenBSD/patches/2.9/i386/010_nvidia.patch,,Reliability
2.9,i386,https://ftp.openbsd.org/pub/OpenBSD/patches/2.9/i386/009_XF86Setup.patch,,Reliability
2.9,All,https://ftp.openbsd.org/pub/OpenBSD/patches/2.9/common/008_twe.patch,,Reliability
2.9,All,https://ftp.openbsd.org/pub/OpenBSD/patches/2.9/common/007_kernexec.patch,,Security
2.9,All,https://ftp.openbsd.org/pub/OpenBSD/patches/2.9/common/006_sshcookie.patch,,Security
2.9,All,https://ftp.openbsd.org/pub/OpenBSD/patches/2.9/common/005_pwd_mkdb.patch,,Reliability
2.9,All,https://ftp.openbsd.org/pub/OpenBSD/patches/2.9/common/004_isakmpd.patch,,Reliability
2.9,All,-,,Documentation fix
2.9,All,https://ftp.openbsd.org/pub/OpenBSD/patches/2.9/common/002_fts.patch,,Security
2.9,All,https://ftp.openbsd.org/pub/OpenBSD/patches/2.9/common/001_sendmail.patch,,Security
3.0,All,https://ftp.openbsd.org/pub/OpenBSD/patches/3.0/common/036_named.patch,,Security
3.0,All,https://ftp.openbsd.org/pub/OpenBSD/patches/3.0/common/035_kernresource.patch,,Security
3.0,All,https://ftp.openbsd.org/pub/OpenBSD/patches/3.0/common/034_smrsh.patch,,Security
3.0,All,https://ftp.openbsd.org/pub/OpenBSD/patches/3.0/common/033_kadmin.patch,,Security
3.0,All,https://ftp.openbsd.org/pub/OpenBSD/patches/3.0/common/032_kerntime.patch,,Security
3.0,All,https://ftp.openbsd.org/pub/OpenBSD/patches/3.0/common/031_scarg.patch,,Security
3.0,All,https://ftp.openbsd.org/pub/OpenBSD/patches/3.0/common/030_ssl.patch,,Security
3.0,All,https://ftp.openbsd.org/pub/OpenBSD/patches/3.0/common/029_xdr.patch,,Security
3.0,All,https://ftp.openbsd.org/pub/OpenBSD/patches/3.0/common/028_pppd.patch,,Security
3.0,All,https://ftp.openbsd.org/pub/OpenBSD/patches/3.0/common/027_isakmpd.patch,,Reliability
3.0,All,https://ftp.openbsd.org/pub/OpenBSD/patches/3.0/common/026_ktrace.patch,,Security
3.0,All,https://ftp.openbsd.org/pub/OpenBSD/patches/3.0/common/025_resolver.patch,,Security
3.0,All,-,,Security
3.0,All,https://ftp.openbsd.org/pub/OpenBSD/patches/3.0/common/023_mod_ssl.patch,,Security
3.0,All,https://ftp.openbsd.org/pub/OpenBSD/patches/3.0/common/022_httpd.patch,,Security
3.0,All,https://ftp.openbsd.org/pub/OpenBSD/patches/3.0/common/021_fdalloc2.patch,,Security
3.0,All,https://ftp.openbsd.org/pub/OpenBSD/patches/3.0/common/020_sudo.patch,,Security
3.0,All,https://ftp.openbsd.org/pub/OpenBSD/patches/3.0/common/019_sshafs.patch,,Security
3.0,All,https://ftp.openbsd.org/pub/OpenBSD/patches/3.0/common/018_mail.patch,,Security
3.0,All,https://ftp.openbsd.org/pub/OpenBSD/patches/3.0/common/017_isakmpd.patch,,Reliability
3.0,All,https://ftp.openbsd.org/pub/OpenBSD/patches/3.0/common/016_approval.patch,,Security
3.0,All,https://ftp.openbsd.org/pub/OpenBSD/patches/3.0/common/015_zlib.patch,,Reliability
3.0,All,https://ftp.openbsd.org/pub/OpenBSD/patches/3.0/common/014_openssh.patch,,Security
3.0,All,https://ftp.openbsd.org/pub/OpenBSD/patches/3.0/common/013_syspipe.patch,,Reliability
3.0,All,https://ftp.openbsd.org/pub/OpenBSD/patches/3.0/common/012_ptrace.patch,,Security
3.0,All,https://ftp.openbsd.org/pub/OpenBSD/patches/3.0/common/011_sudo.patch,,Security
3.0,All,https://ftp.openbsd.org/pub/OpenBSD/patches/3.0/common/010_ipip.patch,,Reliability
3.0,All,-,,Installation fix
3.0,All,https://ftp.openbsd.org/pub/OpenBSD/patches/3.0/common/008_lpd.patch,,Security
3.0,All,https://ftp.openbsd.org/pub/OpenBSD/patches/3.0/common/007_recover.patch,,Security
3.0,All,https://ftp.openbsd.org/pub/OpenBSD/patches/3.0/common/006_pf.patch,,Security
3.0,macppc,https://ftp.openbsd.org/pub/OpenBSD/patches/3.0/macppc/005_altivec.patch,,Reliability
3.0,i386,https://ftp.openbsd.org/pub/OpenBSD/patches/3.0/i386/004_hifn.patch,,Reliability
3.0,sparc64,https://ftp.openbsd.org/pub/OpenBSD/patches/3.0/sparc64/003_sparc64cd.patch,,Reliability
3.0,All,https://ftp.openbsd.org/pub/OpenBSD/patches/3.0/common/002_ssh2.patch,,Security
3.0,All,-,,Install issue
3.1,All,https://ftp.openbsd.org/pub/OpenBSD/patches/3.1/common/027_sendmail.patch,,Security
3.1,All,https://ftp.openbsd.org/pub/OpenBSD/patches/3.1/common/026_kerberos.patch,,Security
3.1,All,https://ftp.openbsd.org/pub/OpenBSD/patches/3.1/common/025_kpr.patch,,Security
3.1,All,https://ftp.openbsd.org/pub/OpenBSD/patches/3.1/common/024_blinding.patch,,Security
3.1,All,https://ftp.openbsd.org/pub/OpenBSD/patches/3.1/common/023_lprm.patch,,Security
3.1,All,https://ftp.openbsd.org/pub/OpenBSD/patches/3.1/common/022_sendmail.patch,,Security
3.1,All,https://ftp.openbsd.org/pub/OpenBSD/patches/3.1/common/021_ssl.patch,,Security
3.1,All,https://ftp.openbsd.org/pub/OpenBSD/patches/3.1/common/020_cvs.patch,,Security
3.1,All,https://ftp.openbsd.org/pub/OpenBSD/patches/3.1/common/019_named.patch,,Security
3.1,All,https://ftp.openbsd.org/pub/OpenBSD/patches/3.1/common/018_kernresource.patch,,Security
3.1,All,https://ftp.openbsd.org/pub/OpenBSD/patches/3.1/common/017_smrsh.patch,,Security
3.1,All,https://ftp.openbsd.org/pub/OpenBSD/patches/3.1/common/016_kadmin.patch,,Security
3.1,All,https://ftp.openbsd.org/pub/OpenBSD/patches/3.1/common/015_kerntime.patch,,Security
3.1,All,https://ftp.openbsd.org/pub/OpenBSD/patches/3.1/common/014_scarg.patch,,Security
3.1,All,https://ftp.openbsd.org/pub/OpenBSD/patches/3.1/common/013_ssl.patch,,Security
3.1,All,https://ftp.openbsd.org/pub/OpenBSD/patches/3.1/common/012_xdr.patch,,Security
3.1,All,https://ftp.openbsd.org/pub/OpenBSD/patches/3.1/common/011_pppd.patch,,Security
3.1,All,https://ftp.openbsd.org/pub/OpenBSD/patches/3.1/common/010_isakmpd.patch,,Reliability
3.1,All,https://ftp.openbsd.org/pub/OpenBSD/patches/3.1/common/009_ktrace.patch,,Security
3.1,All,https://ftp.openbsd.org/pub/OpenBSD/patches/3.1/common/008_mod_ssl.patch,,Security
3.1,All,https://ftp.openbsd.org/pub/OpenBSD/patches/3.1/common/007_resolver.patch,,Security
3.1,All,-,,Security
3.1,All,https://ftp.openbsd.org/pub/OpenBSD/patches/3.1/common/005_httpd.patch,,Security
3.1,All,https://ftp.openbsd.org/pub/OpenBSD/patches/3.1/common/004_sshbsdauth.patch,,Security
3.1,All,https://ftp.openbsd.org/pub/OpenBSD/patches/3.1/common/003_fdalloc2.patch,,Security
3.1,All,https://ftp.openbsd.org/pub/OpenBSD/patches/3.1/common/002_sudo.patch,,Security
3.1,All,https://ftp.openbsd.org/pub/OpenBSD/patches/3.1/common/001_sshafs.patch,,Security
3.2,All,https://ftp.openbsd.org/pub/OpenBSD/patches/3.2/common/021_arp.patch,,Reliability
3.2,All,https://ftp.openbsd.org/pub/OpenBSD/patches/3.2/common/020_asn1.patch,,Security
3.2,All,https://ftp.openbsd.org/pub/OpenBSD/patches/3.2/common/019_pfnorm.patch,,Security
3.2,All,https://ftp.openbsd.org/pub/OpenBSD/patches/3.2/common/018_sendmail.patch,,Security
3.2,All,https://ftp.openbsd.org/pub/OpenBSD/patches/3.2/common/017_sshbuffer.patch,,Security
3.2,All,https://ftp.openbsd.org/pub/OpenBSD/patches/3.2/common/016_sendmail.patch,,Security
3.2,All,https://ftp.openbsd.org/pub/OpenBSD/patches/3.2/common/015_realpath.patch,,Security
3.2,All,https://ftp.openbsd.org/pub/OpenBSD/patches/3.2/common/014_sendmail.patch,,Security
3.2,All,https://ftp.openbsd.org/pub/OpenBSD/patches/3.2/common/013_kerberos.patch,,Security
3.2,All,https://ftp.openbsd.org/pub/OpenBSD/patches/3.2/common/012_kpr.patch,,Security
3.2,All,https://ftp.openbsd.org/pub/OpenBSD/patches/3.2/common/011_blinding.patch,,Security
3.2,All,https://ftp.openbsd.org/pub/OpenBSD/patches/3.2/common/010_lprm.patch,,Security
3.2,All,https://ftp.openbsd.org/pub/OpenBSD/patches/3.2/common/009_sendmail.patch,,Security
3.2,All,https://ftp.openbsd.org/pub/OpenBSD/patches/3.2/common/008_httpd.patch,,Security
3.2,All,https://ftp.openbsd.org/pub/OpenBSD/patches/3.2/common/007_ssl.patch,,Security
3.2,All,https://ftp.openbsd.org/pub/OpenBSD/patches/3.2/common/006_cvs.patch,,Security
3.2,All,https://ftp.openbsd.org/pub/OpenBSD/patches/3.2/common/005_named.patch,,Security
3.2,All,https://ftp.openbsd.org/pub/OpenBSD/patches/3.2/common/004_pool.patch,,Reliability
3.2,All,https://ftp.openbsd.org/pub/OpenBSD/patches/3.2/common/003_smrsh.patch,,Security
3.2,All,https://ftp.openbsd.org/pub/OpenBSD/patches/3.2/common/002_pfbridge.patch,,Reliability
3.2,All,https://ftp.openbsd.org/pub/OpenBSD/patches/3.2/common/001_kadmin.patch,,Security
3.3,All,https://ftp.openbsd.org/pub/OpenBSD/patches/3.3/common/022_cvs.patch,,Security
3.3,All,https://ftp.openbsd.org/pub/OpenBSD/patches/3.3/common/021_openssl.patch,,Reliability
3.3,All,https://ftp.openbsd.org/pub/OpenBSD/patches/3.3/common/020_isakmpd2.patch,,Reliability
3.3,All,https://ftp.openbsd.org/pub/OpenBSD/patches/3.3/common/019_httpd2.patch,,Security
3.3,All,https://ftp.openbsd.org/pub/OpenBSD/patches/3.3/common/018_tcp.patch,,Reliability
3.3,All,https://ftp.openbsd.org/pub/OpenBSD/patches/3.3/common/017_font.patch,,Reliability
3.3,All,https://ftp.openbsd.org/pub/OpenBSD/patches/3.3/common/016_ip6.patch,,Security
3.3,All,https://ftp.openbsd.org/pub/OpenBSD/patches/3.3/common/015_sysvshm.patch,,Security
3.3,All,https://ftp.openbsd.org/pub/OpenBSD/patches/3.3/common/014_isakmpd.patch,,Security
3.3,All,https://ftp.openbsd.org/pub/OpenBSD/patches/3.3/common/013_sem.patch,,Reliability
3.3,All,https://ftp.openbsd.org/pub/OpenBSD/patches/3.3/common/012_uvm.patch,,Reliability
3.3,i386,https://ftp.openbsd.org/pub/OpenBSD/patches/3.3/i386/011_ibcs2.patch,,Security
3.3,All,https://ftp.openbsd.org/pub/OpenBSD/patches/3.3/common/010_exec.patch,,Reliability
3.3,All,https://ftp.openbsd.org/pub/OpenBSD/patches/3.3/common/009_httpd.patch,,Reliability
3.3,All,https://ftp.openbsd.org/pub/OpenBSD/patches/3.3/common/008_arp.patch,,Reliability
3.3,All,https://ftp.openbsd.org/pub/OpenBSD/patches/3.3/common/007_asn1.patch,,Security
3.3,All,https://ftp.openbsd.org/pub/OpenBSD/patches/3.3/common/006_pfnorm.patch,,Security
3.3,All,https://ftp.openbsd.org/pub/OpenBSD/patches/3.3/common/005_sendmail.patch,,Security
3.3,All,https://ftp.openbsd.org/pub/OpenBSD/patches/3.3/common/004_sshbuffer.patch,,Security
3.3,All,https://ftp.openbsd.org/pub/OpenBSD/patches/3.3/common/003_sysvsem.patch,,Security
3.3,All,https://ftp.openbsd.org/pub/OpenBSD/patches/3.3/common/002_semget.patch,,Reliability
3.3,All,https://ftp.openbsd.org/pub/OpenBSD/patches/3.3/common/001_realpath.patch,,Security
3.4,All,https://ftp.openbsd.org/pub/OpenBSD/patches/3.4/common/035_pfkey.patch,,Security
3.4,All,https://ftp.openbsd.org/pub/OpenBSD/patches/3.4/common/034_lynx.patch,,Reliability
3.4,All,https://ftp.openbsd.org/pub/OpenBSD/patches/3.4/common/033_pppd.patch,,Reliability
3.4,All,https://ftp.openbsd.org/pub/OpenBSD/patches/3.4/common/032_bind.patch,,Reliability
3.4,All,https://ftp.openbsd.org/pub/OpenBSD/patches/3.4/common/031_radius.patch,,Security
3.4,All,https://ftp.openbsd.org/pub/OpenBSD/patches/3.4/common/030_xpm.patch,,Security
3.4,All,https://ftp.openbsd.org/pub/OpenBSD/patches/3.4/common/029_httpd4.patch,,Security
3.4,All,https://ftp.openbsd.org/pub/OpenBSD/patches/3.4/common/028_bridge.patch,,Reliability
3.4,All,https://ftp.openbsd.org/pub/OpenBSD/patches/3.4/common/027_icmp.patch,,Reliability
3.4,All,https://ftp.openbsd.org/pub/OpenBSD/patches/3.4/common/026_rnd.patch,,Reliability
3.4,All,https://ftp.openbsd.org/pub/OpenBSD/patches/3.4/common/025_httpd3.patch,,Security
3.4,All,https://ftp.openbsd.org/pub/OpenBSD/patches/3.4/common/024_isakmpd3.patch,,Security
3.4,All,https://ftp.openbsd.org/pub/OpenBSD/patches/3.4/common/023_cvs3.patch,,Security
3.4,All,https://ftp.openbsd.org/pub/OpenBSD/patches/3.4/common/022_kerberos.patch,,Security
3.4,All,https://ftp.openbsd.org/pub/OpenBSD/patches/3.4/common/021_cvs2.patch,,Security
3.4,All,https://ftp.openbsd.org/pub/OpenBSD/patches/3.4/common/020_procfs.patch,,Security
3.4,All,https://ftp.openbsd.org/pub/OpenBSD/patches/3.4/common/019_tcp2.patch,,Reliability
3.4,All,https://ftp.openbsd.org/pub/OpenBSD/patches/3.4/common/018_gdt.patch,,Reliability
3.4,All,https://ftp.openbsd.org/pub/OpenBSD/patches/3.4/common/017_cvs.patch,,Security
3.4,All,https://ftp.openbsd.org/pub/OpenBSD/patches/3.4/common/016_openssl.patch,,Reliability
3.4,All,https://ftp.openbsd.org/pub/OpenBSD/patches/3.4/common/015_isakmpd2.patch,,Reliability
3.4,All,https://ftp.openbsd.org/pub/OpenBSD/patches/3.4/common/014_httpd2.patch,,Security
3.4,All,https://ftp.openbsd.org/pub/OpenBSD/patches/3.4/common/013_tcp.patch,,Reliability
3.4,All,https://ftp.openbsd.org/pub/OpenBSD/patches/3.4/common/012_font.patch,,Reliability
3.4,All,https://ftp.openbsd.org/pub/OpenBSD/patches/3.4/common/011_ip6.patch,,Security
3.4,All,https://ftp.openbsd.org/pub/OpenBSD/patches/3.4/common/010_sysvshm.patch,,Security
3.4,All,https://ftp.openbsd.org/pub/OpenBSD/patches/3.4/common/009_isakmpd.patch,,Security
3.4,All,https://ftp.openbsd.org/pub/OpenBSD/patches/3.4/common/008_sem.patch,,Reliability
3.4,All,https://ftp.openbsd.org/pub/OpenBSD/patches/3.4/common/007_uvm.patch,,Reliability
3.4,i386,https://ftp.openbsd.org/pub/OpenBSD/patches/3.4/i386/006_ibcs2.patch,,Security
3.4,All,https://ftp.openbsd.org/pub/OpenBSD/patches/3.4/common/005_exec.patch,,Reliability
3.4,All,https://ftp.openbsd.org/pub/OpenBSD/patches/3.4/common/004_httpd.patch,,Reliability
3.4,All,https://ftp.openbsd.org/pub/OpenBSD/patches/3.4/common/003_arp.patch,,Reliability
3.4,All,https://ftp.openbsd.org/pub/OpenBSD/patches/3.4/common/002_asn1.patch,,Security
3.4,All,-,,Documentation fix
3.5,All,https://ftp.openbsd.org/pub/OpenBSD/patches/3.5/common/033_cvs4.patch,,Security
3.5,All,https://ftp.openbsd.org/pub/OpenBSD/patches/3.5/common/032_tcp2.patch,,Reliability
3.5,All,https://ftp.openbsd.org/pub/OpenBSD/patches/3.5/common/031_telnet.patch,,Security
3.5,All,https://ftp.openbsd.org/pub/OpenBSD/patches/3.5/common/030_sack.patch,,Reliability
3.5,All,https://ftp.openbsd.org/pub/OpenBSD/patches/3.5/amd64/029_copy.patch,,Security
3.5,amd64,https://ftp.openbsd.org/pub/OpenBSD/patches/3.5/i386/028_locore.patch,,Security
3.5,i386,https://ftp.openbsd.org/pub/OpenBSD/patches/3.5/common/027_rtt.patch,,Reliability
3.5,All,https://ftp.openbsd.org/pub/OpenBSD/patches/3.5/common/026_httpd3.patch,,Security
3.5,All,https://ftp.openbsd.org/pub/OpenBSD/patches/3.5/common/025_getcwd.patch,,Reliability
3.5,All,https://ftp.openbsd.org/pub/OpenBSD/patches/3.5/common/024_pfkey.patch,,Security
3.5,All,https://ftp.openbsd.org/pub/OpenBSD/patches/3.5/common/023_lynx.patch,,Reliability
3.5,All,https://ftp.openbsd.org/pub/OpenBSD/patches/3.5/common/022_pppd.patch,,Reliability
3.5,All,https://ftp.openbsd.org/pub/OpenBSD/patches/3.5/common/021_bind.patch,,Reliability
3.5,All,https://ftp.openbsd.org/pub/OpenBSD/patches/3.5/common/020_radius.patch,,Security
3.5,All,https://ftp.openbsd.org/pub/OpenBSD/patches/3.5/common/019_xpm.patch,,Security
3.5,All,https://ftp.openbsd.org/pub/OpenBSD/patches/3.5/common/018_httpd2.patch,,Security
3.5,All,https://ftp.openbsd.org/pub/OpenBSD/patches/3.5/common/017_libz.patch,,Reliability
3.5,All,https://ftp.openbsd.org/pub/OpenBSD/patches/3.5/common/016_bridge.patch,,Reliability
3.5,All,https://ftp.openbsd.org/pub/OpenBSD/patches/3.5/common/015_icmp.patch,,Reliability
3.5,All,https://ftp.openbsd.org/pub/OpenBSD/patches/3.5/common/014_rnd.patch,,Reliability
3.5,All,https://ftp.openbsd.org/pub/OpenBSD/patches/3.5/common/013_httpd.patch,,Security
3.5,All,https://ftp.openbsd.org/pub/OpenBSD/patches/3.5/common/012_isakmpd.patch,,Security
3.5,All,https://ftp.openbsd.org/pub/OpenBSD/patches/3.5/common/011_cvs3.patch,,Security
3.5,All,https://ftp.openbsd.org/pub/OpenBSD/patches/3.5/common/010_fifofs.patch,,Reliability
3.5,All,https://ftp.openbsd.org/pub/OpenBSD/patches/3.5/common/009_kerberos.patch,,Security
3.5,All,https://ftp.openbsd.org/pub/OpenBSD/patches/3.5/common/008_xdm.patch,,Security
3.5,All,https://ftp.openbsd.org/pub/OpenBSD/patches/3.5/common/007_cvs2.patch,,Security
3.5,All,https://ftp.openbsd.org/pub/OpenBSD/patches/3.5/common/006_procfs.patch,,Security
3.5,All,https://ftp.openbsd.org/pub/OpenBSD/patches/3.5/common/005_tcp.patch,,Reliability
3.5,All,https://ftp.openbsd.org/pub/OpenBSD/patches/3.5/common/004_scsi.patch,,Reliability
3.5,All,https://ftp.openbsd.org/pub/OpenBSD/patches/3.5/common/003_gdt.patch,,Reliability
3.5,All,https://ftp.openbsd.org/pub/OpenBSD/patches/3.5/common/002_cvs.patch,,Security
3.5,All,-,,Broken package on CD
3.6,All,https://ftp.openbsd.org/pub/OpenBSD/patches/3.6/common/020_libz.patch,,Security
3.6,All,https://ftp.openbsd.org/pub/OpenBSD/patches/3.6/common/019_libz.patch,,Security
3.6,All,https://ftp.openbsd.org/pub/OpenBSD/patches/3.6/common/018_sudo.patch,,Security
3.6,All,https://ftp.openbsd.org/pub/OpenBSD/patches/3.6/common/017_getsockopt.patch,,Reliability
3.6,All,https://ftp.openbsd.org/pub/OpenBSD/patches/3.6/common/016_cvs.patch,,Security
3.6,All,https://ftp.openbsd.org/pub/OpenBSD/patches/3.6/common/015_tcp.patch,,Reliability
3.6,All,https://ftp.openbsd.org/pub/OpenBSD/patches/3.6/common/014_telnet.patch,,Security
3.6,All,https://ftp.openbsd.org/pub/OpenBSD/patches/3.6/common/013_sack.patch,,Reliability
3.6,amd64,https://ftp.openbsd.org/pub/OpenBSD/patches/3.6/amd64/012_copy.patch,,Security
3.6,i386,https://ftp.openbsd.org/pub/OpenBSD/patches/3.6/i386/011_locore.patch,,Security
3.6,All,https://ftp.openbsd.org/pub/OpenBSD/patches/3.6/common/010_rtt.patch,,Reliability
3.6,All,https://ftp.openbsd.org/pub/OpenBSD/patches/3.6/common/009_httpd.patch,,Security
3.6,All,https://ftp.openbsd.org/pub/OpenBSD/patches/3.6/common/008_getcwd.patch,,Reliability
3.6,All,https://ftp.openbsd.org/pub/OpenBSD/patches/3.6/common/007_pfkey.patch,,Security
3.6,All,https://ftp.openbsd.org/pub/OpenBSD/patches/3.6/common/006_xl.patch,,Reliability
3.6,All,https://ftp.openbsd.org/pub/OpenBSD/patches/3.6/common/005_isakmpd.patch,,Reliability
3.6,All,https://ftp.openbsd.org/pub/OpenBSD/patches/3.6/common/004_lynx.patch,,Reliability
3.6,All,https://ftp.openbsd.org/pub/OpenBSD/patches/3.6/common/003_pppd.patch,,Reliability
3.6,All,https://ftp.openbsd.org/pub/OpenBSD/patches/3.6/common/002_bind.patch,,Reliability
3.6,All,https://ftp.openbsd.org/pub/OpenBSD/patches/3.6/common/001_st.patch,,Reliability
3.7,All,https://ftp.openbsd.org/pub/OpenBSD/patches/3.7/common/013_xorg.patch,,Security
3.7,All,https://ftp.openbsd.org/pub/OpenBSD/patches/3.7/common/012_sendmail.patch,,Security
3.7,All,https://ftp.openbsd.org/pub/OpenBSD/patches/3.7/common/011_ssh.patch,,Security
3.7,i386,https://ftp.openbsd.org/pub/OpenBSD/patches/3.7/i386/010_i386machdep.patch,,Reliability
3.7,i386,https://ftp.openbsd.org/pub/OpenBSD/patches/3.7/i386/009_i386pmap.patch,,Reliability
3.7,All,https://ftp.openbsd.org/pub/OpenBSD/patches/3.7/common/008_fd.patch,,Security
3.7,All,https://ftp.openbsd.org/pub/OpenBSD/patches/3.7/common/007_perl.patch,,Security
3.7,All,https://ftp.openbsd.org/pub/OpenBSD/patches/3.7/common/006_nat-t.patch,,Reliability
3.7,All,https://ftp.openbsd.org/pub/OpenBSD/patches/3.7/common/005_libz.patch,,Security
3.7,All,https://ftp.openbsd.org/pub/OpenBSD/patches/3.7/common/004_libz.patch,,Security
3.7,All,https://ftp.openbsd.org/pub/OpenBSD/patches/3.7/common/003_sudo.patch,,Security
3.7,All,https://ftp.openbsd.org/pub/OpenBSD/patches/3.7/common/002_getsockopt.patch,,Reliability
3.7,All,https://ftp.openbsd.org/pub/OpenBSD/patches/3.7/common/001_cvs.patch,,Security
3.8,All,https://ftp.openbsd.org/pub/OpenBSD/patches/3.8/common/020_ssh2.patch,,Security
3.8,All,https://ftp.openbsd.org/pub/OpenBSD/patches/3.8/common/019_systrace.patch,,Security
3.8,All,https://ftp.openbsd.org/pub/OpenBSD/patches/3.8/common/018_openssl2.patch,,Security
3.8,All,https://ftp.openbsd.org/pub/OpenBSD/patches/3.8/common/017_httpd2.patch,,Security
3.8,All,https://ftp.openbsd.org/pub/OpenBSD/patches/3.8/common/016_openssl.patch,,Security
3.8,All,https://ftp.openbsd.org/pub/OpenBSD/patches/3.8/common/015_bind.patch,,Security
3.8,All,https://ftp.openbsd.org/pub/OpenBSD/patches/3.8/common/014_sppp.patch,,Security
3.8,All,https://ftp.openbsd.org/pub/OpenBSD/patches/3.8/common/013_isakmpd.patch,,Security
3.8,All,https://ftp.openbsd.org/pub/OpenBSD/patches/3.8/common/012_sem.patch,,Security
3.8,All,https://ftp.openbsd.org/pub/OpenBSD/patches/3.8/common/011_dhcpd.patch,,Security
3.8,All,https://ftp.openbsd.org/pub/OpenBSD/patches/3.8/common/010_sendmail3.patch,,Security
3.8,All,https://ftp.openbsd.org/pub/OpenBSD/patches/3.8/common/009_httpd.patch,,Security
3.8,All,https://ftp.openbsd.org/pub/OpenBSD/patches/3.8/common/008_sendmail2.patch,,Security
3.8,All,https://ftp.openbsd.org/pub/OpenBSD/patches/3.8/common/007_xorg.patch,,Security
3.8,All,https://ftp.openbsd.org/pub/OpenBSD/patches/3.8/common/006_sendmail.patch,,Security
3.8,All,https://ftp.openbsd.org/pub/OpenBSD/patches/3.8/common/005_ssh.patch,,Security
3.8,i386,https://ftp.openbsd.org/pub/OpenBSD/patches/3.8/i386/004_i386machdep.patch,,Reliability
3.8,i386,https://ftp.openbsd.org/pub/OpenBSD/patches/3.8/i386/003_i386pmap.patch,,Reliability
3.8,All,https://ftp.openbsd.org/pub/OpenBSD/patches/3.8/common/002_fd.patch,,Security
3.8,All,https://ftp.openbsd.org/pub/OpenBSD/patches/3.8/common/001_perl.patch,,Security
3.9,powerpc,https://ftp.openbsd.org/pub/OpenBSD/patches/3.9/macppc/023_altivec.patch,,Stability fix
3.9,All,https://ftp.openbsd.org/pub/OpenBSD/patches/3.9/common/022_route6.patch,,Security
3.9,All,https://ftp.openbsd.org/pub/OpenBSD/patches/3.9/common/021_xorg.patch,,Security
3.9,All,https://ftp.openbsd.org/pub/OpenBSD/patches/3.9/common/020_m_dup1.patch,,Security
3.9,All,https://ftp.openbsd.org/pub/OpenBSD/patches/3.9/common/019_timezone.patch,,Interoperability fix
3.9,All,https://ftp.openbsd.org/pub/OpenBSD/patches/3.9/common/018_icmp6.patch,,Reliability
3.9,i386,https://ftp.openbsd.org/pub/OpenBSD/patches/3.9/i386/017_agp.patch,,Security
3.9,All,https://ftp.openbsd.org/pub/OpenBSD/patches/3.9/common/016_ldso.patch,,Security
3.9,All,https://ftp.openbsd.org/pub/OpenBSD/patches/3.9/common/015_ssh.patch,,Security
3.9,All,https://ftp.openbsd.org/pub/OpenBSD/patches/3.9/common/014_systrace.patch,,Security
3.9,All,https://ftp.openbsd.org/pub/OpenBSD/patches/3.9/common/013_openssl2.patch,,Security
3.9,All,https://ftp.openbsd.org/pub/OpenBSD/patches/3.9/common/012_httpd2.patch,,Security
3.9,All,https://ftp.openbsd.org/pub/OpenBSD/patches/3.9/common/011_openssl.patch,,Security
3.9,All,https://ftp.openbsd.org/pub/OpenBSD/patches/3.9/common/010_bind.patch,,Security
3.9,All,https://ftp.openbsd.org/pub/OpenBSD/patches/3.9/common/009_sppp.patch,,Security
3.9,All,https://ftp.openbsd.org/pub/OpenBSD/patches/3.9/common/008_isakmpd.patch,,Security
3.9,All,https://ftp.openbsd.org/pub/OpenBSD/patches/3.9/common/007_sem.patch,,Security
3.9,All,https://ftp.openbsd.org/pub/OpenBSD/patches/3.9/common/006_dhcpd.patch,,Security
3.9,All,https://ftp.openbsd.org/pub/OpenBSD/patches/3.9/common/005_sendmail3.patch,,Security
3.9,All,https://ftp.openbsd.org/pub/OpenBSD/patches/3.9/common/004_httpd.patch,,Security
3.9,All,https://ftp.openbsd.org/pub/OpenBSD/patches/3.9/common/003_sendmail2.patch,,Security
3.9,All,https://ftp.openbsd.org/pub/OpenBSD/patches/3.9/common/002_xorg.patch,,Security
3.9,All,https://ftp.openbsd.org/pub/OpenBSD/patches/3.9/common/001_sendmail.patch,,Security
4.0,All,https://ftp.openbsd.org/pub/OpenBSD/patches/4.0/common/017_openssl.patch,,Security
4.0,All,https://ftp.openbsd.org/pub/OpenBSD/patches/4.0/common/016_dhcpd.patch,,Security
4.0,All,https://ftp.openbsd.org/pub/OpenBSD/patches/4.0/common/015_file.patch,,Security
4.0,All,https://ftp.openbsd.org/pub/OpenBSD/patches/4.0/common/014_xorg.patch,,Stability fix
4.0,powerpc,https://ftp.openbsd.org/pub/OpenBSD/patches/4.0/macppc/013_altivec.patch,,Stability fix
4.0,All,https://ftp.openbsd.org/pub/OpenBSD/patches/4.0/common/012_route6.patch,,Security
4.0,All,https://ftp.openbsd.org/pub/OpenBSD/patches/4.0/common/011_xorg.patch,,Security
4.0,All,https://ftp.openbsd.org/pub/OpenBSD/patches/4.0/common/010_m_dup1.patch,,Security
4.0,All,https://ftp.openbsd.org/pub/OpenBSD/patches/4.0/common/009_timezone.patch,,Interoperability fix
4.0,All,https://ftp.openbsd.org/pub/OpenBSD/patches/4.0/common/008_icmp6.patch,,Reliability
4.0,i386,https://ftp.openbsd.org/pub/OpenBSD/patches/4.0/i386/007_agp.patch,,Security
4.0,All,-,,FTP distribution error
4.0,All,https://ftp.openbsd.org/pub/OpenBSD/patches/4.0/common/005_ldso.patch,,Security
4.0,All,https://ftp.openbsd.org/pub/OpenBSD/patches/4.0/common/004_arc.patch,,Reliability
4.0,All,https://ftp.openbsd.org/pub/OpenBSD/patches/4.0/common/003_systrace.patch,,Security
4.0,All,https://ftp.openbsd.org/pub/OpenBSD/patches/4.0/common/002_openssl.patch,,Security
4.0,All,https://ftp.openbsd.org/pub/OpenBSD/patches/4.0/common/001_httpd.patch,,Security
4.1,All,https://ftp.openbsd.org/pub/OpenBSD/patches/4.1/common/016_openssh2.patch,,Security
4.1,All,https://ftp.openbsd.org/pub/OpenBSD/patches/4.1/common/015_openssh.patch,,Security
4.1,All,https://ftp.openbsd.org/pub/OpenBSD/patches/4.1/common/014_ppp.patch,,Security
4.1,All,https://ftp.openbsd.org/pub/OpenBSD/patches/4.1/common/013_tcprespond.patch,,Reliability
4.1,All,https://ftp.openbsd.org/pub/OpenBSD/patches/4.1/common/012_xorg.patch,,Security
4.1,All,https://ftp.openbsd.org/pub/OpenBSD/patches/4.1/common/011_openssl.patch,,Security
4.1,All,https://ftp.openbsd.org/pub/OpenBSD/patches/4.1/common/010_dhcpd.patch,,Security
4.1,All,https://ftp.openbsd.org/pub/OpenBSD/patches/4.1/common/009_file.patch,,Security
4.1,All,https://ftp.openbsd.org/pub/OpenBSD/patches/4.1/common/008_xorg.patch,,Stability fix
4.1,All,https://ftp.openbsd.org/pub/OpenBSD/patches/4.1/common/007_kroute.patch,,Reliability
4.1,powerpc,https://ftp.openbsd.org/pub/OpenBSD/patches/4.1/macppc/006_altivec.patch,,Stability fix
4.1,All,https://ftp.openbsd.org/pub/OpenBSD/patches/4.1/common/005_route6.patch,,Security
4.1,All,https://ftp.openbsd.org/pub/OpenBSD/patches/4.1/common/004_xorg.patch,,Security
4.1,All,https://ftp.openbsd.org/pub/OpenBSD/patches/4.1/common/003_spamd.patch,,Reliability
4.1,All,https://ftp.openbsd.org/pub/OpenBSD/patches/4.1/common/002_splnet.patch,,Stability fix
4.1,All,https://ftp.openbsd.org/pub/OpenBSD/patches/4.1/common/001_mbuf.patch,,Security
4.2,All,https://ftp.openbsd.org/pub/OpenBSD/patches/4.2/common/015_ndp.patch,,Security
4.2,All,https://ftp.openbsd.org/pub/OpenBSD/patches/4.2/common/014_pcb.patch,,Reliability
4.2,All,https://ftp.openbsd.org/pub/OpenBSD/patches/4.2/common/013_bind.patch,,Security
4.2,All,https://ftp.openbsd.org/pub/OpenBSD/patches/4.2/common/012_xorg2.patch,,Security
4.2,All,https://ftp.openbsd.org/pub/OpenBSD/patches/4.2/common/011_openssh2.patch,,Security
4.2,All,https://ftp.openbsd.org/pub/OpenBSD/patches/4.2/common/010_openssh.patch,,Security
4.2,All,https://ftp.openbsd.org/pub/OpenBSD/patches/4.2/common/009_ppp.patch,,Security
4.2,All,https://ftp.openbsd.org/pub/OpenBSD/patches/4.2/common/008_ip6rthdr.patch,,Reliability
4.2,All,https://ftp.openbsd.org/pub/OpenBSD/patches/4.2/common/007_tcprespond.patch,,Reliability
4.2,All,https://ftp.openbsd.org/pub/OpenBSD/patches/4.2/common/006_xorg.patch,,Security
4.2,All,https://ftp.openbsd.org/pub/OpenBSD/patches/4.2/common/005_ifrtlabel.patch,,Reliability
4.2,All,https://ftp.openbsd.org/pub/OpenBSD/patches/4.2/common/004_pf.patch,,Reliability
4.2,i386,-,,CD boot failure on older computers
4.2,All,https://ftp.openbsd.org/pub/OpenBSD/patches/4.2/common/002_openssl.patch,,Security
4.2,All,https://ftp.openbsd.org/pub/OpenBSD/patches/4.2/common/001_dhcpd.patch,,Security
4.3,All,https://ftp.openbsd.org/pub/OpenBSD/patches/4.3/common/013_pf.patch,,Reliability
4.3,All,https://ftp.openbsd.org/pub/OpenBSD/patches/4.3/common/012_openssl.patch,,Reliability
4.3,All,https://ftp.openbsd.org/pub/OpenBSD/patches/4.3/common/011_sudo.patch,,Security
4.3,All,https://ftp.openbsd.org/pub/OpenBSD/patches/4.3/common/010_bgpd.patch,,Reliability
4.3,All,https://ftp.openbsd.org/pub/OpenBSD/patches/4.3/common/009_bgpd.patch,,Reliability
4.3,All,https://ftp.openbsd.org/pub/OpenBSD/patches/4.3/common/008_bind.patch,,Security
4.3,All,https://ftp.openbsd.org/pub/OpenBSD/patches/4.3/common/007_openssl.patch,,Security
4.3,All,https://ftp.openbsd.org/pub/OpenBSD/patches/4.3/common/006_ndp.patch,,Security
4.3,All,https://ftp.openbsd.org/pub/OpenBSD/patches/4.3/common/005_pcb.patch,,Reliability
4.3,All,https://ftp.openbsd.org/pub/OpenBSD/patches/4.3/common/004_bind.patch,,Security
4.3,All,https://ftp.openbsd.org/pub/OpenBSD/patches/4.3/common/003_xorg.patch,,Security
4.3,All,https://ftp.openbsd.org/pub/OpenBSD/patches/4.3/common/002_openssh2.patch,,Security
4.3,All,https://ftp.openbsd.org/pub/OpenBSD/patches/4.3/common/001_openssh.patch,,Security
4.4,All,https://ftp.openbsd.org/pub/OpenBSD/patches/4.4/common/016_getsockopt.patch,,Reliability
4.4,i386,https://ftp.openbsd.org/pub/OpenBSD/patches/4.4/i386/015_xmm.patch,,Reliability
4.4,All,https://ftp.openbsd.org/pub/OpenBSD/patches/4.4/common/014_bind.patch,,Reliability
4.4,All,https://ftp.openbsd.org/pub/OpenBSD/patches/4.4/common/013_pf.patch,,Reliability
4.4,All,https://ftp.openbsd.org/pub/OpenBSD/patches/4.4/common/012_openssl.patch,,Reliability
4.4,All,https://ftp.openbsd.org/pub/OpenBSD/patches/4.4/common/011_sudo.patch,,Security
4.4,All,https://ftp.openbsd.org/pub/OpenBSD/patches/4.4/common/010_bgpd.patch,,Reliability
4.4,All,https://ftp.openbsd.org/pub/OpenBSD/patches/4.4/common/009_bgpd.patch,,Reliability
4.4,All,https://ftp.openbsd.org/pub/OpenBSD/patches/4.4/common/008_bind.patch,,Security
4.4,All,https://ftp.openbsd.org/pub/OpenBSD/patches/4.4/common/007_openssl.patch,,Security
4.4,All,https://ftp.openbsd.org/pub/OpenBSD/patches/4.4/common/006_dhcpd.patch,,Reliability
4.4,All,https://ftp.openbsd.org/pub/OpenBSD/patches/4.4/common/005_pglistalloc.patch,,Reliability
4.4,All,https://ftp.openbsd.org/pub/OpenBSD/patches/4.4/common/004_httpd.patch,,Reliability
4.4,All,https://ftp.openbsd.org/pub/OpenBSD/patches/4.4/common/003_tcpinput.patch,,Reliability
4.4,All,https://ftp.openbsd.org/pub/OpenBSD/patches/4.4/common/002_vr.patch,,Reliability
4.4,All,https://ftp.openbsd.org/pub/OpenBSD/patches/4.4/common/001_ndp.patch,,Security
4.5,All,https://ftp.openbsd.org/pub/OpenBSD/patches/4.5/common/016_openssl.patch,,Security
4.5,All,https://ftp.openbsd.org/pub/OpenBSD/patches/4.5/common/015_mpi.patch,,Reliability
4.5,All,https://ftp.openbsd.org/pub/OpenBSD/patches/4.5/common/014_kerberos.patch,,Reliability
4.5,All,https://ftp.openbsd.org/pub/OpenBSD/patches/4.5/common/013_ftpd.patch,,Reliability
4.5,All,https://ftp.openbsd.org/pub/OpenBSD/patches/4.5/common/012_openssl.patch,,Security
4.5,All,https://ftp.openbsd.org/pub/OpenBSD/patches/4.5/common/011_ptrace.patch,,Reliability
4.5,All,https://ftp.openbsd.org/pub/OpenBSD/patches/4.5/common/010_openssl.patch,,Security
4.5,All,https://ftp.openbsd.org/pub/OpenBSD/patches/4.5/common/009_getsockopt.patch,,Reliability
4.5,i386,https://ftp.openbsd.org/pub/OpenBSD/patches/4.5/i386/008_xmm.patch,,Reliability
4.5,All,https://ftp.openbsd.org/pub/OpenBSD/patches/4.5/common/007_bind.patch,,Reliability
4.5,All,https://ftp.openbsd.org/pub/OpenBSD/patches/4.5/common/006_perl_zlib.patch,,Reliability
4.5,All,https://ftp.openbsd.org/pub/OpenBSD/patches/4.5/common/005_audio.patch,,Reliability
4.5,All,https://ftp.openbsd.org/pub/OpenBSD/patches/4.5/common/004_aucat.patch,,Reliability
4.5,i386,https://ftp.openbsd.org/pub/OpenBSD/patches/4.5/i386/003_bus_dma.patch,,Reliability
4.5,All,https://ftp.openbsd.org/pub/OpenBSD/patches/4.5/common/002_pf.patch,,Reliability
4.5,All,https://ftp.openbsd.org/pub/OpenBSD/patches/4.5/common/001_openssl.patch,,Reliability
4.6,All,https://ftp.openbsd.org/pub/OpenBSD/patches/4.6/common/012_trunklacp.patch,,Reliability
4.6,All,https://ftp.openbsd.org/pub/OpenBSD/patches/4.6/common/011_pfsync.patch,,Reliability
4.6,All,https://ftp.openbsd.org/pub/OpenBSD/patches/4.6/common/010_openssl.patch,,Security
4.6,All,https://ftp.openbsd.org/pub/OpenBSD/patches/4.6/common/009_mpi.patch,,Reliability
4.6,All,https://ftp.openbsd.org/pub/OpenBSD/patches/4.6/common/008_kerberos.patch,,Reliability
4.6,All,https://ftp.openbsd.org/pub/OpenBSD/patches/4.6/common/007_ftpd.patch,,Reliability
4.6,All,https://ftp.openbsd.org/pub/OpenBSD/patches/4.6/common/006_openssl.patch,,Security
4.6,All,https://ftp.openbsd.org/pub/OpenBSD/patches/4.6/common/005_ptrace.patch,,Reliability
4.6,All,https://ftp.openbsd.org/pub/OpenBSD/patches/4.6/common/004_openssl.patch,,Security
4.6,All,https://ftp.openbsd.org/pub/OpenBSD/patches/4.6/common/003_getsockopt.patch,,Reliability
4.6,All,https://ftp.openbsd.org/pub/OpenBSD/patches/4.6/i386/002_xmm.patch,,Reliability
4.6,All,https://ftp.openbsd.org/pub/OpenBSD/patches/4.6/common/001_bind.patch,,Reliability
4.7,Little-endian architectures,https://ftp.openbsd.org/pub/OpenBSD/patches/4.7/common/013_pf.patch,,Security
4.7,All,https://ftp.openbsd.org/pub/OpenBSD/patches/4.7/common/012_openssl.patch,,Security
4.7,All,https://ftp.openbsd.org/pub/OpenBSD/patches/4.7/common/011_rtsock.patch,,Reliability
4.7,All,https://ftp.openbsd.org/pub/OpenBSD/patches/4.7/common/010_cbc.patch,,Reliability
4.7,All,https://ftp.openbsd.org/pub/OpenBSD/patches/4.7/common/009_pf.patch,,Security
4.7,All,https://ftp.openbsd.org/pub/OpenBSD/patches/4.7/common/008_openssl.patch,,Reliability
4.7,All,https://ftp.openbsd.org/pub/OpenBSD/patches/4.7/common/007_scsi.patch,,Reliability
4.7,All,https://ftp.openbsd.org/pub/OpenBSD/patches/4.7/common/006_scsi.patch,,Reliability
4.7,All,https://ftp.openbsd.org/pub/OpenBSD/patches/4.7/common/005_pfsync.patch,,Reliability
4.7,All,https://ftp.openbsd.org/pub/OpenBSD/patches/4.7/common/004_pfsync.patch,,Security
4.7,All,https://ftp.openbsd.org/pub/OpenBSD/patches/4.7/common/003_openssl.patch,,Security
4.7,All,https://ftp.openbsd.org/pub/OpenBSD/patches/4.7/common/002_mpi.patch,,Reliability
4.7,All,https://ftp.openbsd.org/pub/OpenBSD/patches/4.7/common/001_kerberos.patch,,Reliability
4.8,All,https://ftp.openbsd.org/pub/OpenBSD/patches/4.8/common/010_sis.patch,,Reliability
4.8,Little-endian architectures,https://ftp.openbsd.org/pub/OpenBSD/patches/4.8/common/009_pf.patch,,Security
4.8,All,https://ftp.openbsd.org/pub/OpenBSD/patches/4.8/common/008_openssl.patch,,Security
4.8,All,https://ftp.openbsd.org/pub/OpenBSD/patches/4.8/common/007_rtsock.patch,,Reliability
4.8,All,https://ftp.openbsd.org/pub/OpenBSD/patches/4.8/common/006_cbc.patch,,Reliability
4.8,All,https://ftp.openbsd.org/pub/OpenBSD/patches/4.8/common/005_pf.patch,,Reliability
4.8,All,https://ftp.openbsd.org/pub/OpenBSD/patches/4.8/common/004_openssl.patch,,Reliability
4.8,All,https://ftp.openbsd.org/pub/OpenBSD/patches/4.8/common/003_vr.patch,,Security
4.8,All,https://ftp.openbsd.org/pub/OpenBSD/patches/4.8/common/002_pci.patch,,Security
4.8,All,https://ftp.openbsd.org/pub/OpenBSD/patches/4.8/common/001_bgpd.patch,,Reliability
4.9,All,https://ftp.openbsd.org/pub/OpenBSD/patches/4.9/common/001_bind.patch,,Reliability
5.0,All,https://ftp.openbsd.org/pub/OpenBSD/patches/5.0/common/001_bind.patch,,Reliability
5.0,All,https://ftp.openbsd.org/pub/OpenBSD/patches/5.0/common/002_libcrypto.patch,,Security
5.1,All,https://ftp.openbsd.org/pub/OpenBSD/patches/5.1/common/001_libcrypto.patch,,Security
5.2,All,https://ftp.openbsd.org/pub/OpenBSD/patches/5.2/common/001_bgpd.patch,,Reliability
5.2,All,https://ftp.openbsd.org/pub/OpenBSD/patches/5.2/common/002_bgpd.patch,,Reliability
5.2,All,https://ftp.openbsd.org/pub/OpenBSD/patches/5.2/common/003_tftpd.patch,,Reliability
5.2,All,https://ftp.openbsd.org/pub/OpenBSD/patches/5.2/common/004_nginx.patch,,Reliability
5.2,All,https://ftp.openbsd.org/pub/OpenBSD/patches/5.2/common/005_in6.patch,,Reliability
5.3,All,https://ftp.openbsd.org/pub/OpenBSD/patches/5.3/common/001_bgpd.patch,,Reliability
5.3,All,https://ftp.openbsd.org/pub/OpenBSD/patches/5.3/common/002_vr.patch,,Reliability
5.3,All,https://ftp.openbsd.org/pub/OpenBSD/patches/5.3/common/003_nginx.patch,,Reliability
5.3,All,https://ftp.openbsd.org/pub/OpenBSD/patches/5.3/common/004_route.patch,,Reliability
5.3,All,https://ftp.openbsd.org/pub/OpenBSD/patches/5.3/common/005_in6.patch,,Reliability
5.3,All,https://ftp.openbsd.org/pub/OpenBSD/patches/5.3/common/006_tftpd.patch,,Reliability
5.3,All,https://ftp.openbsd.org/pub/OpenBSD/patches/5.3/common/007_vio.patch,,Reliability
5.3,All,https://ftp.openbsd.org/pub/OpenBSD/patches/5.3/common/008_pflow.patch,,Reliability
5.3,All,https://ftp.openbsd.org/pub/OpenBSD/patches/5.3/common/009_sshgcm.patch,,Security
5.3,All,https://ftp.openbsd.org/pub/OpenBSD/patches/5.3/common/010_vnode.patch,,Reliability
5.3,All,https://ftp.openbsd.org/pub/OpenBSD/patches/5.3/common/011_nginx.patch,,Security
5.3,Strict alignment architectures,https://ftp.openbsd.org/pub/OpenBSD/patches/5.3/common/012_sha512.patch,,Reliability
5.3,All,https://ftp.openbsd.org/pub/OpenBSD/patches/5.3/common/013_libXfont.patch,,Security
5.3,All,https://ftp.openbsd.org/pub/OpenBSD/patches/5.3/common/014_openssl.patch,,Security
5.3,All,https://ftp.openbsd.org/pub/OpenBSD/patches/5.3/common/015_openssl.patch,,Security
5.4,All,https://ftp.openbsd.org/pub/OpenBSD/patches/5.4/common/001_pflow.patch,,Reliability
5.4,All,https://ftp.openbsd.org/pub/OpenBSD/patches/5.4/common/002_sshgcm.patch,,Security
5.4,All,https://ftp.openbsd.org/pub/OpenBSD/patches/5.4/common/003_vnode.patch,,Reliability
5.4,All,https://ftp.openbsd.org/pub/OpenBSD/patches/5.4/common/004_nginx.patch,,Security
5.4,Strict alignment architectures,https://ftp.openbsd.org/pub/OpenBSD/patches/5.4/common/005_sha512.patch,,Reliability
5.4,All,https://ftp.openbsd.org/pub/OpenBSD/patches/5.4/common/006_libXfont.patch,,Security
5.4,All,https://ftp.openbsd.org/pub/OpenBSD/patches/5.4/common/007_openssl.patch,,Security
5.4,All,https://ftp.openbsd.org/pub/OpenBSD/patches/5.4/common/008_openssl.patch,,Security
5.4,All,https://ftp.openbsd.org/pub/OpenBSD/patches/5.4/common/009_openssl.patch,,Reliability
5.4,All,https://ftp.openbsd.org/pub/OpenBSD/patches/5.4/common/010_libXfont.patch,,Security
5.4,All,https://ftp.openbsd.org/pub/OpenBSD/patches/5.4/common/011_sendmail.patch,,Security
5.4,All,https://ftp.openbsd.org/pub/OpenBSD/patches/5.4/common/012_openssl.patch,,Security
5.4,All,https://ftp.openbsd.org/pub/OpenBSD/patches/5.4/common/013_dhcp.patch,,Reliability
5.4,All,https://ftp.openbsd.org/pub/OpenBSD/patches/5.4/common/014_openssl.patch,,Security
5.4,All,https://ftp.openbsd.org/pub/OpenBSD/patches/5.4/common/015_nginx.patch,,Security
5.4,All,https://ftp.openbsd.org/pub/OpenBSD/patches/5.4/common/016_openssl.patch,,Reliability
5.4,All,https://ftp.openbsd.org/pub/OpenBSD/patches/5.4/common/017_kernexec.patch,,Reliability
5.5,All,https://ftp.openbsd.org/pub/OpenBSD/patches/5.5/common/001_icmp.patch.sig,,Reliability
5.5,All,https://ftp.openbsd.org/pub/OpenBSD/patches/5.5/common/002_openssl.patch.sig,,Security
5.5,All,https://ftp.openbsd.org/pub/OpenBSD/patches/5.5/common/003_ftp.patch.sig,,Security
5.5,All,https://ftp.openbsd.org/pub/OpenBSD/patches/5.5/common/004_openssl.patch.sig,,Security
5.5,All,https://ftp.openbsd.org/pub/OpenBSD/patches/5.5/common/005_openssl.patch.sig,,Reliability
5.5,All,https://ftp.openbsd.org/pub/OpenBSD/patches/5.5/common/006_libXfont.patch.sig,,Security
5.5,All,https://ftp.openbsd.org/pub/OpenBSD/patches/5.5/common/007_sendmail.patch.sig,,Security
5.5,All,https://ftp.openbsd.org/pub/OpenBSD/patches/5.5/common/008_openssl.patch.sig,,Security
5.5,All,https://ftp.openbsd.org/pub/OpenBSD/patches/5.5/common/009_dhcp.patch.sig,,Reliability
5.5,All,https://ftp.openbsd.org/pub/OpenBSD/patches/5.5/common/010_openssl.patch.sig,,Security
5.5,All,https://ftp.openbsd.org/pub/OpenBSD/patches/5.5/common/011_nginx.patch.sig,,Security
5.5,All,https://ftp.openbsd.org/pub/OpenBSD/patches/5.5/common/012_openssl.patch.sig,,Reliability
5.5,All,https://ftp.openbsd.org/pub/OpenBSD/patches/5.5/common/013_kernexec.patch.sig,,Reliability
5.5,All,https://ftp.openbsd.org/pub/OpenBSD/patches/5.5/common/014_pfctl.patch.sig,,Reliability
5.5,All,https://ftp.openbsd.org/pub/OpenBSD/patches/5.5/common/015_asr.patch.sig,,Reliability
5.5,All,https://ftp.openbsd.org/pub/OpenBSD/patches/5.5/common/016_pipex.patch.sig,,Reliability
5.5,All,https://ftp.openbsd.org/pub/OpenBSD/patches/5.5/common/017_pppoe.patch.sig,,Reliability
5.5,All,https://ftp.openbsd.org/pub/OpenBSD/patches/5.5/common/018_virtio.patch.sig,,Reliability
5.5,All,https://ftp.openbsd.org/pub/OpenBSD/patches/5.5/common/019_xserver.patch.sig,,Security
5.5,All,https://ftp.openbsd.org/pub/OpenBSD/patches/5.5/common/020_libevent.patch.sig,,Security
5.5,All,https://ftp.openbsd.org/pub/OpenBSD/patches/5.5/common/021_xserver.patch.sig,,Security
5.5,All,https://ftp.openbsd.org/pub/OpenBSD/patches/5.5/common/022_freetype.patch.sig,,Security
5.5,All,https://ftp.openbsd.org/pub/OpenBSD/patches/5.5/common/023_libxfont.patch.sig,,Security
5.5,All,https://ftp.openbsd.org/pub/OpenBSD/patches/5.5/common/024_openssl.patch.sig,,Security
5.5,All,https://ftp.openbsd.org/pub/OpenBSD/patches/5.5/common/025_smtpd.patch.sig,,Reliability
5.6,All,https://ftp.openbsd.org/pub/OpenBSD/patches/5.6/common/001_rxr.patch.sig,,Reliability
5.6,All,https://ftp.openbsd.org/pub/OpenBSD/patches/5.6/common/002_nd6.patch.sig,,Reliability
5.6,All,https://ftp.openbsd.org/pub/OpenBSD/patches/5.6/common/003_nginx.patch.sig,,Security
5.6,All,https://ftp.openbsd.org/pub/OpenBSD/patches/5.6/common/004_kernexec.patch.sig,,Reliability
5.6,All,https://ftp.openbsd.org/pub/OpenBSD/patches/5.6/common/005_nosslv3.patch.sig,,Security
5.6,All,https://ftp.openbsd.org/pub/OpenBSD/patches/5.6/common/006_relayd.patch.sig,,Reliability
5.6,All,https://ftp.openbsd.org/pub/OpenBSD/patches/5.6/common/007_pfctl.patch.sig,,Reliability
5.6,All,https://ftp.openbsd.org/pub/OpenBSD/patches/5.6/common/008_asr.patch.sig,,Reliability
5.6,All,https://ftp.openbsd.org/pub/OpenBSD/patches/5.6/common/009_httpd.patch.sig,,Reliability
5.6,All,https://ftp.openbsd.org/pub/OpenBSD/patches/5.6/common/010_pipex.patch.sig,,Reliability
5.6,All,https://ftp.openbsd.org/pub/OpenBSD/patches/5.6/common/011_pppoe.patch.sig,,Reliability
5.6,All,https://ftp.openbsd.org/pub/OpenBSD/patches/5.6/common/012_unbound.patch.sig,,Reliability
5.6,All,https://ftp.openbsd.org/pub/OpenBSD/patches/5.6/common/013_virtio.patch.sig,,Reliability
5.6,All,https://ftp.openbsd.org/pub/OpenBSD/patches/5.6/common/014_xserver.patch.sig,,Security
5.6,All,https://ftp.openbsd.org/pub/OpenBSD/patches/5.6/common/015_libevent.patch.sig,,Security
5.6,All,https://ftp.openbsd.org/pub/OpenBSD/patches/5.6/common/016_xserver.patch.sig,,Security
5.6,All,https://ftp.openbsd.org/pub/OpenBSD/patches/5.6/common/017_openssl.patch.sig,,Security
5.6,All,https://ftp.openbsd.org/pub/OpenBSD/patches/5.6/common/018_freetype.patch.sig,,Security
5.6,All,https://ftp.openbsd.org/pub/OpenBSD/patches/5.6/common/019_libxfont.patch.sig,,Security
5.6,All,https://ftp.openbsd.org/pub/OpenBSD/patches/5.6/common/020_openssl.patch.sig,,Security
5.6,All,https://ftp.openbsd.org/pub/OpenBSD/patches/5.6/common/021_smtpd.patch.sig,,Reliability
5.6,All,https://ftp.openbsd.org/pub/OpenBSD/patches/5.6/common/022_httpd.patch.sig,,Reliability
5.6,All,https://ftp.openbsd.org/pub/OpenBSD/patches/5.6/common/023_elf.patch.sig,,Security
5.6,All,https://ftp.openbsd.org/pub/OpenBSD/patches/5.6/common/024_tar.patch.sig,,Security
5.6,All,https://ftp.openbsd.org/pub/OpenBSD/patches/5.6/common/025_smtpd.patch.sig,,Reliability
5.6,All,https://ftp.openbsd.org/pub/OpenBSD/patches/5.6/common/026_openssl.patch.sig,,Security
5.6,All,https://ftp.openbsd.org/pub/OpenBSD/patches/5.6/common/027_tcp_persist.patch.sig,,Security
5.6,All,https://ftp.openbsd.org/pub/OpenBSD/patches/5.6/common/028_execve.patch.sig,,Reliability
5.6,All,https://ftp.openbsd.org/pub/OpenBSD/patches/5.6/common/029_patch.patch.sig,,Security
5.6,All,https://ftp.openbsd.org/pub/OpenBSD/patches/5.6/common/030_patch.patch.sig,,Security
5.6,All,https://ftp.openbsd.org/pub/OpenBSD/patches/5.6/common/031_smtpd.patch.sig,,Security
5.6,All,https://ftp.openbsd.org/pub/OpenBSD/patches/5.6/common/032_kevent.patch.sig,,Reliability
5.6,All,https://ftp.openbsd.org/pub/OpenBSD/patches/5.6/common/033_obj2txt.patch.sig,,Reliability
5.7,sparc64,-,,Install issue
5.7,All,https://ftp.openbsd.org/pub/OpenBSD/patches/5.7/common/002_libxfont.patch.sig,,Security
5.7,All,https://ftp.openbsd.org/pub/OpenBSD/patches/5.7/common/003_openssl.patch.sig,,Security
5.7,All,https://ftp.openbsd.org/pub/OpenBSD/patches/5.7/common/004_smtpd.patch.sig,,Reliability
5.7,All,https://ftp.openbsd.org/pub/OpenBSD/patches/5.7/common/005_httpd.patch.sig,,Reliability
5.7,All,https://ftp.openbsd.org/pub/OpenBSD/patches/5.7/common/006_elf.patch.sig,,Security
5.7,All,https://ftp.openbsd.org/pub/OpenBSD/patches/5.7/common/007_tar.patch.sig,,Security
5.7,All,https://ftp.openbsd.org/pub/OpenBSD/patches/5.7/common/008_smtpd.patch.sig,,Reliability
5.7,All,https://ftp.openbsd.org/pub/OpenBSD/patches/5.7/common/009_openssl.patch.sig,,Security
5.7,All,https://ftp.openbsd.org/pub/OpenBSD/patches/5.7/common/010_tcp_persist.patch.sig,,Security
5.7,All,https://ftp.openbsd.org/pub/OpenBSD/patches/5.7/common/011_execve.patch.sig,,Reliability
5.7,All,https://ftp.openbsd.org/pub/OpenBSD/patches/5.7/common/012_patch.patch.sig,,Security
5.7,All,https://ftp.openbsd.org/pub/OpenBSD/patches/5.7/common/013_patch.patch.sig,,Security
5.7,All,https://ftp.openbsd.org/pub/OpenBSD/patches/5.7/common/014_sshd.patch.sig,,Security
5.7,All,https://ftp.openbsd.org/pub/OpenBSD/patches/5.7/common/015_relayd.patch.sig,,Reliability
5.7,All,https://ftp.openbsd.org/pub/OpenBSD/patches/5.7/common/016_uvm.patch.sig,,Reliability
5.7,All,https://ftp.openbsd.org/pub/OpenBSD/patches/5.7/common/017_smtpd.patch.sig,,Security
5.7,All,https://ftp.openbsd.org/pub/OpenBSD/patches/5.7/common/018_kevent.patch.sig,,Reliability
5.7,All,https://ftp.openbsd.org/pub/OpenBSD/patches/5.7/common/019_obj2txt.patch.sig,,Reliability
5.7,All,https://ftp.openbsd.org/pub/OpenBSD/patches/5.7/common/020_rsn.patch.sig,,Reliability
5.7,All,https://ftp.openbsd.org/pub/OpenBSD/patches/5.7/common/021_clientcert.patch.sig,,Reliability
5.7,All,https://ftp.openbsd.org/pub/OpenBSD/patches/5.7/common/022_ssh.patch.sig,,Security
5.7,All,https://ftp.openbsd.org/pub/OpenBSD/patches/5.7/common/023_sshd.patch.sig,,Security
5.7,All,https://ftp.openbsd.org/pub/OpenBSD/patches/5.7/common/024_in6bind.patch.sig,,Security
5.8,All,https://ftp.openbsd.org/pub/OpenBSD/patches/5.8/common/001_sshd.patch.sig,,Security
5.8,All,https://ftp.openbsd.org/pub/OpenBSD/patches/5.8/common/002_sslhello.patch.sig,,Interoperability
5.8,All,https://ftp.openbsd.org/pub/OpenBSD/patches/5.8/common/003_uvm.patch.sig,,Reliability
5.8,All,https://ftp.openbsd.org/pub/OpenBSD/patches/5.8/common/004_smtpd.patch.sig,,Security
5.8,All,https://ftp.openbsd.org/pub/OpenBSD/patches/5.8/common/005_kevent.patch.sig,,Reliability
5.8,All,-,,Release CD issue
5.8,All,https://ftp.openbsd.org/pub/OpenBSD/patches/5.8/common/007_obj2txt.patch.sig,,Reliability
5.8,All,https://ftp.openbsd.org/pub/OpenBSD/patches/5.8/common/008_rsn.patch.sig,,Reliability
5.8,All,https://ftp.openbsd.org/pub/OpenBSD/patches/5.8/common/009_clientcert.patch.sig,,Reliability
5.8,All,https://ftp.openbsd.org/pub/OpenBSD/patches/5.8/common/010_ssh.patch.sig,,Security
5.8,All,https://ftp.openbsd.org/pub/OpenBSD/patches/5.8/common/011_sshd.patch.sig,,Security
5.8,All,https://ftp.openbsd.org/pub/OpenBSD/patches/5.8/common/012_in6bind.patch.sig,,Security
5.8,All,https://ftp.openbsd.org/pub/OpenBSD/patches/5.8/common/013_crypto.patch.sig,,Security
5.8,All,https://ftp.openbsd.org/pub/OpenBSD/patches/5.8/common/014_uvideo.patch.sig,,Security
5.8,All,https://ftp.openbsd.org/pub/OpenBSD/patches/5.8/common/015_crypto.patch.sig,,Reliability
5.8,All,https://ftp.openbsd.org/pub/OpenBSD/patches/5.8/common/016_libexpat.patch.sig,,Security
5.8,All,https://ftp.openbsd.org/pub/OpenBSD/patches/5.8/common/017_crypto.patch.sig,,Security
5.8,All,https://ftp.openbsd.org/pub/OpenBSD/patches/5.8/common/018_splice.patch.sig,,Reliability
5.8,All,https://ftp.openbsd.org/pub/OpenBSD/patches/5.8/common/019_dirent.patch.sig,,Reliability
5.8,All,https://ftp.openbsd.org/pub/OpenBSD/patches/5.8/common/020_mmap.patch.sig,,Security
5.8,All,https://ftp.openbsd.org/pub/OpenBSD/patches/5.8/common/021_timeout.patch.sig,,Reliability
5.8,All,https://ftp.openbsd.org/pub/OpenBSD/patches/5.8/common/022_kevent.patch.sig,,Reliability
5.8,All,https://ftp.openbsd.org/pub/OpenBSD/patches/5.8/common/023_amap.patch.sig,,Reliability
5.8,All,https://ftp.openbsd.org/pub/OpenBSD/patches/5.8/common/024_relayd.patch.sig,,Reliability
5.8,All,https://ftp.openbsd.org/pub/OpenBSD/patches/5.8/common/025_sysctl.patch.sig,,Reliability
5.8,All,https://ftp.openbsd.org/pub/OpenBSD/patches/5.8/common/026_uvmisavail.patch.sig,,Reliability
5.8,All,https://ftp.openbsd.org/pub/OpenBSD/patches/5.8/common/027_perl.patch.sig,,Security
5.8,All,https://ftp.openbsd.org/pub/OpenBSD/patches/5.8/common/028_relayd.patch.sig,,Reliability
5.9,All,https://ftp.openbsd.org/pub/OpenBSD/patches/5.9/common/001_sshd.patch.sig,,Security
5.9,All,https://ftp.openbsd.org/pub/OpenBSD/patches/5.9/common/002_in6bind.patch.sig,,Security
5.9,All,https://ftp.openbsd.org/pub/OpenBSD/patches/5.9/common/003_pledge.patch.sig,,Reliability
5.9,All,https://ftp.openbsd.org/pub/OpenBSD/patches/5.9/common/004_mbuf.patch.sig,,Reliability
5.9,All,https://ftp.openbsd.org/pub/OpenBSD/patches/5.9/common/005_crypto.patch.sig,,Security
5.9,All,https://ftp.openbsd.org/pub/OpenBSD/patches/5.9/common/006_smtpd.patch.sig,,Reliability
5.9,All,https://ftp.openbsd.org/pub/OpenBSD/patches/5.9/common/007_uvideo.patch.sig,,Security
5.9,All,https://ftp.openbsd.org/pub/OpenBSD/patches/5.9/common/008_bnx.patch.sig,,Reliability
5.9,All,https://ftp.openbsd.org/pub/OpenBSD/patches/5.9/common/009_crypto.patch.sig,,Reliability
5.9,All,https://ftp.openbsd.org/pub/OpenBSD/patches/5.9/common/010_libexpat.patch.sig,,Security
5.9,All,https://ftp.openbsd.org/pub/OpenBSD/patches/5.9/common/011_crypto.patch.sig,,Security
5.9,All,https://ftp.openbsd.org/pub/OpenBSD/patches/5.9/common/012_crypto.patch.sig,,Security
5.9,All,https://ftp.openbsd.org/pub/OpenBSD/patches/5.9/common/013_splice.patch.sig,,Reliability
5.9,All,https://ftp.openbsd.org/pub/OpenBSD/patches/5.9/common/014_unp.patch.sig,,Reliability
5.9,All,https://ftp.openbsd.org/pub/OpenBSD/patches/5.9/common/015_dirent.patch.sig,,Reliability
5.9,All,https://ftp.openbsd.org/pub/OpenBSD/patches/5.9/common/016_mmap.patch.sig,,Security
5.9,All,https://ftp.openbsd.org/pub/OpenBSD/patches/5.9/common/017_arp.patch.sig,,Reliability
5.9,All,https://ftp.openbsd.org/pub/OpenBSD/patches/5.9/common/018_timeout.patch.sig,,Reliability
5.9,All,https://ftp.openbsd.org/pub/OpenBSD/patches/5.9/common/019_kevent.patch.sig,,Reliability
5.9,All,https://ftp.openbsd.org/pub/OpenBSD/patches/5.9/common/020_amap.patch.sig,,Reliability
5.9,All,https://ftp.openbsd.org/pub/OpenBSD/patches/5.9/common/021_relayd.patch.sig,,Reliability
5.9,All,https://ftp.openbsd.org/pub/OpenBSD/patches/5.9/common/022_sysctl.patch.sig,,Reliability
5.9,All,https://ftp.openbsd.org/pub/OpenBSD/patches/5.9/common/023_uvmisavail.patch.sig,,Reliability
5.9,All,https://ftp.openbsd.org/pub/OpenBSD/patches/5.9/common/024_perl.patch.sig,,Security
5.9,All,https://ftp.openbsd.org/pub/OpenBSD/patches/5.9/common/025_relayd.patch.sig,,Reliability
5.9,All,https://ftp.openbsd.org/pub/OpenBSD/patches/5.9/common/026_wsfont.patch.sig,,Reliability
5.9,All,https://ftp.openbsd.org/pub/OpenBSD/patches/5.9/common/027_libssl.patch.sig,,Reliability
5.9,All,https://ftp.openbsd.org/pub/OpenBSD/patches/5.9/common/028_libssl.patch.sig,,Security
5.9,All,https://ftp.openbsd.org/pub/OpenBSD/patches/5.9/common/029_xorg_libs.patch.sig,,Security
5.9,All,https://ftp.openbsd.org/pub/OpenBSD/patches/5.9/common/030_ssh_kexinit.patch.sig,,Reliability
5.9,All,https://ftp.openbsd.org/pub/OpenBSD/patches/5.9/common/031_smtpd.patch.sig,,Reliability
5.9,All,https://ftp.openbsd.org/pub/OpenBSD/patches/5.9/common/032_libssl.patch.sig,,Reliability
5.9,All,https://ftp.openbsd.org/pub/OpenBSD/patches/5.9/common/033_libcrypto.patch.sig,,Security
5.9,All,https://ftp.openbsd.org/pub/OpenBSD/patches/5.9/common/034_httpd.patch.sig,,Reliability
5.9,All,https://ftp.openbsd.org/pub/OpenBSD/patches/5.9/common/035_net80211.patch.sig,,Security
5.9,All,https://ftp.openbsd.org/pub/OpenBSD/patches/5.9/common/036_pf.patch.sig,,Reliability
5.9,All,https://ftp.openbsd.org/pub/OpenBSD/patches/5.9/common/037_exec_elf.patch.sig,,Security
6.0,All,https://ftp.openbsd.org/pub/OpenBSD/patches/6.0/common/001_uvmisavail.patch.sig,,Reliability
6.0,All,https://ftp.openbsd.org/pub/OpenBSD/patches/6.0/common/002_perl.patch.sig,,Reliability
6.0,All,https://ftp.openbsd.org/pub/OpenBSD/patches/6.0/common/003_relayd.patch.sig,,Reliability
6.0,All,https://ftp.openbsd.org/pub/OpenBSD/patches/6.0/common/004_smtpd.patch.sig,,Reliability
6.0,All,https://ftp.openbsd.org/pub/OpenBSD/patches/6.0/common/005_wsfont.patch.sig,,Reliability
6.0,All,https://ftp.openbsd.org/pub/OpenBSD/patches/6.0/common/006_iked.patch.sig,,Reliability
6.0,All,https://ftp.openbsd.org/pub/OpenBSD/patches/6.0/common/007_libcrypto.patch.sig,,Reliability
6.0,All,https://ftp.openbsd.org/pub/OpenBSD/patches/6.0/common/008_libssl.patch.sig,,Reliability
6.0,All,https://ftp.openbsd.org/pub/OpenBSD/patches/6.0/common/009_libssl.patch.sig,,Security
6.0,All,https://ftp.openbsd.org/pub/OpenBSD/patches/6.0/common/010_smtpd.patch.sig,,Reliability
6.0,All,https://ftp.openbsd.org/pub/OpenBSD/patches/6.0/common/011_xorg_libs.patch.sig,,Security
6.0,All,https://ftp.openbsd.org/pub/OpenBSD/patches/6.0/common/012_amap.patch.sig,,Reliability
6.0,All,https://ftp.openbsd.org/pub/OpenBSD/patches/6.0/common/013_ssh_kexinit.patch.sig,,Reliability
6.0,All,https://ftp.openbsd.org/pub/OpenBSD/patches/6.0/common/014_smtpd.patch.sig,,Reliability
6.0,All,https://ftp.openbsd.org/pub/OpenBSD/patches/6.0/common/015_libssl.patch.sig,,Reliability
6.0,All,https://ftp.openbsd.org/pub/OpenBSD/patches/6.0/common/016_libcrypto.patch.sig,,Security
6.0,All,https://ftp.openbsd.org/pub/OpenBSD/patches/6.0/common/017_httpd.patch.sig,,Reliability
6.0,All,https://ftp.openbsd.org/pub/OpenBSD/patches/6.0/common/018_net80211.patch.sig,,Security
6.0,All,https://ftp.openbsd.org/pub/OpenBSD/patches/6.0/common/019_pf.patch.sig,,Reliability
6.0,All,https://ftp.openbsd.org/pub/OpenBSD/patches/6.0/common/020_exec_elf.patch.sig,,Security
6.0,All,https://ftp.openbsd.org/pub/OpenBSD/patches/6.0/common/021_softraid_concat.patch.sig,,Reliability
6.0,All,https://ftp.openbsd.org/pub/OpenBSD/patches/6.0/common/022_libssl.patch.sig,,Reliability
6.0,All,https://ftp.openbsd.org/pub/OpenBSD/patches/6.0/common/023_freetype.patch.sig,,Security
6.0,All,https://ftp.openbsd.org/pub/OpenBSD/patches/6.0/common/024_exec_subr.patch.sig,,Security
6.0,All,https://ftp.openbsd.org/pub/OpenBSD/patches/6.0/common/025_icmp_opts.patch.sig,,Reliability
6.0,All,https://ftp.openbsd.org/pub/OpenBSD/patches/6.0/common/026_perl.patch.sig,,Security
6.0,All,https://ftp.openbsd.org/pub/OpenBSD/patches/6.0/common/027_sti.patch.sig,,Security
6.0,All,https://ftp.openbsd.org/pub/OpenBSD/patches/6.0/common/028_wsmux.patch.sig,,Reliability
6.0,All,https://ftp.openbsd.org/pub/OpenBSD/patches/6.0/common/029_sigio.patch.sig,,Reliability
6.0,All,https://ftp.openbsd.org/pub/OpenBSD/patches/6.0/common/030_sendsyslog.patch.sig,,Reliability
6.0,All,https://ftp.openbsd.org/pub/OpenBSD/patches/6.0/common/031_fuse.patch.sig,,Security
6.0,All,https://ftp.openbsd.org/pub/OpenBSD/patches/6.0/common/032_recv.patch.sig,,Security
6.0,All,https://ftp.openbsd.org/pub/OpenBSD/patches/6.0/common/033_tcp_usrreq.patch.sig,,Security
6.0,All,https://ftp.openbsd.org/pub/OpenBSD/patches/6.0/common/034_sockaddr.patch.sig,,Security
6.0,All,https://ftp.openbsd.org/pub/OpenBSD/patches/6.0/common/035_ptrace.patch.sig,,Security
6.0,All,https://ftp.openbsd.org/pub/OpenBSD/patches/6.0/common/035_ptrace.patch.sig,,Security
6.0,All,https://ftp.openbsd.org/pub/OpenBSD/patches/6.0/common/036_fcntl.patch.sig,,Security
6.0,All,https://ftp.openbsd.org/pub/OpenBSD/patches/6.0/common/037_wsdisplay.patch.sig,,Reliability
6.0,All,https://ftp.openbsd.org/pub/OpenBSD/patches/6.0/common/038_sosplice.patch.sig,,Security
6.0,All,https://ftp.openbsd.org/pub/OpenBSD/patches/6.0/common/039_ieee80211.patch.sig,,Security
6.0,"amd64, i386",https://ftp.openbsd.org/pub/OpenBSD/patches/6.0/common/040_smap.patch.sig,,Security
6.0,All,https://ftp.openbsd.org/pub/OpenBSD/patches/6.0/common/041_net80211_replay.patch.sig,,Security
6.0,All,https://ftp.openbsd.org/pub/OpenBSD/patches/6.0/common/042_perl.patch.sig,,Security
6.0,amd64,https://ftp.openbsd.org/pub/OpenBSD/patches/6.0/common/043_tcb.patch.sig,,Reliability
6.0,amd64,https://ftp.openbsd.org/pub/OpenBSD/patches/6.0/common/044_xrstor.patch.sig,,Reliability
6.0,amd64,https://ftp.openbsd.org/pub/OpenBSD/patches/6.0/common/045_xrstor_resume.patch.sig,,Security
6.1,All,https://ftp.openbsd.org/pub/OpenBSD/patches/6.1/common/001_dhcpd.patch.sig,,Interoperability
6.1,amd64,https://ftp.openbsd.org/pub/OpenBSD/patches/6.1/common/002_vmmfpu.patch.sig,,Security
6.1,All,https://ftp.openbsd.org/pub/OpenBSD/patches/6.1/common/003_libressl.patch.sig,,Security
6.1,All,https://ftp.openbsd.org/pub/OpenBSD/patches/6.1/common/004_softraid_concat.patch.sig,,Reliability
6.1,All,https://ftp.openbsd.org/pub/OpenBSD/patches/6.1/common/005_pf_src_tracking.patch.sig,,Reliability
6.1,All,https://ftp.openbsd.org/pub/OpenBSD/patches/6.1/common/006_libssl.patch.sig,,Reliability
6.1,All,https://ftp.openbsd.org/pub/OpenBSD/patches/6.1/common/007_freetype.patch.sig,,Security
6.1,All,https://ftp.openbsd.org/pub/OpenBSD/patches/6.1/common/008_exec_subr.patch.sig,,Security
6.1,All,https://ftp.openbsd.org/pub/OpenBSD/patches/6.1/common/009_icmp_opts.patch.sig,,Reliability
6.1,All,https://ftp.openbsd.org/pub/OpenBSD/patches/6.1/common/010_perl.patch.sig,,Security
6.1,hppa,https://ftp.openbsd.org/pub/OpenBSD/patches/6.1/common/011_sti.patch.sig,,Security
6.1,All,https://ftp.openbsd.org/pub/OpenBSD/patches/6.1/common/012_wsmux.patch.sig,,Reliability
6.1,All,https://ftp.openbsd.org/pub/OpenBSD/patches/6.1/common/013_icmp6_linklocal.patch.sig,,Reliability
6.1,All,https://ftp.openbsd.org/pub/OpenBSD/patches/6.1/common/014_libcrypto.patch.sig,,Reliability
6.1,All,https://ftp.openbsd.org/pub/OpenBSD/patches/6.1/common/015_sigio.patch.sig,,Reliability
6.1,All,https://ftp.openbsd.org/pub/OpenBSD/patches/6.1/common/016_sendsyslog.patch.sig,,Reliability
6.1,All,https://ftp.openbsd.org/pub/OpenBSD/patches/6.1/common/017_fuse.patch.sig,,Security
6.1,All,https://ftp.openbsd.org/pub/OpenBSD/patches/6.1/common/018_recv.patch.sig,,Security
6.1,All,https://ftp.openbsd.org/pub/OpenBSD/patches/6.1/common/019_tcp_usrreq.patch.sig,,Security
6.1,All,https://ftp.openbsd.org/pub/OpenBSD/patches/6.1/common/020_sockaddr.patch.sig,,Security
6.1,All,https://ftp.openbsd.org/pub/OpenBSD/patches/6.1/common/021_ptrace.patch.sig,,Security
6.1,All,https://ftp.openbsd.org/pub/OpenBSD/patches/6.1/common/022_fcntl.patch.sig,,Security
6.1,All,https://ftp.openbsd.org/pub/OpenBSD/patches/6.1/common/023_wsdisplay.patch.sig,,Reliability
6.1,All,https://ftp.openbsd.org/pub/OpenBSD/patches/6.1/common/024_sosplice.patch.sig,,Security
6.1,All,https://ftp.openbsd.org/pub/OpenBSD/patches/6.1/common/025_ieee80211.patch.sig,,Security
6.1,"amd64, i386",https://ftp.openbsd.org/pub/OpenBSD/patches/6.1/common/026_smap.patch.sig,,Security
6.1,All,https://ftp.openbsd.org/pub/OpenBSD/patches/6.1/common/027_net80211_replay.patch.sig,,Security
6.1,All,https://ftp.openbsd.org/pub/OpenBSD/patches/6.1/common/028_perl.patch.sig,,Security
6.1,amd64,https://ftp.openbsd.org/pub/OpenBSD/patches/6.1/common/029_tcb.patch.sig,,Reliability
6.1,amd64,https://ftp.openbsd.org/pub/OpenBSD/patches/6.1/common/030_xrstor.patch.sig,,Reliability
6.1,amd64,https://ftp.openbsd.org/pub/OpenBSD/patches/6.1/common/031_xrstor_resume.patch.sig,,Security
6.1,amd64,https://ftp.openbsd.org/pub/OpenBSD/patches/6.1/common/032_tcb_invalid.patch.sig,,Reliability
6.2,amd64,https://ftp.openbsd.org/pub/OpenBSD/patches/6.2/common/001_tcb_invalid.patch.sig,,Reliability
6.2,All,https://ftp.openbsd.org/pub/OpenBSD/patches/6.2/common/002_fktrace.patch.sig,,Security
6.2,All,https://ftp.openbsd.org/pub/OpenBSD/patches/6.2/common/003_mpls.patch.sig,,Reliability
6.2,All,https://ftp.openbsd.org/pub/OpenBSD/patches/6.2/common/004_libssl.patch.sig,,Reliability
6.2,All,https://ftp.openbsd.org/pub/OpenBSD/patches/6.2/common/004_libssl.patch.sig,,Reliability
6.2,All,https://ftp.openbsd.org/pub/OpenBSD/patches/6.2/common/005_ahopts.patch.sig,,Reliability
6.2,All,https://ftp.openbsd.org/pub/OpenBSD/patches/6.2/common/006_prevhdr.patch.sig,,Reliability
6.2,All,https://ftp.openbsd.org/pub/OpenBSD/patches/6.2/common/007_etherip.patch.sig,,Security
6.2,All,https://ftp.openbsd.org/pub/OpenBSD/patches/6.2/common/008_unbound.patch.sig,,Security
6.2,All,https://ftp.openbsd.org/pub/OpenBSD/patches/6.2/common/009_meltdown.patch.sig,,Security
6.2,All,https://ftp.openbsd.org/pub/OpenBSD/patches/6.2/common/010_ahauth.patch.sig,,Reliability
6.2,All,https://ftp.openbsd.org/pub/OpenBSD/patches/6.2/common/011_perl.patch.sig,,Security
6.2,All,https://ftp.openbsd.org/pub/OpenBSD/patches/6.2/common/012_httpd.patch.sig,,Reliability
6.2,All,https://ftp.openbsd.org/pub/OpenBSD/patches/6.2/common/013_ipseclen.patch.sig,,Reliability
6.2,All,https://ftp.openbsd.org/pub/OpenBSD/patches/6.2/common/014_ipsecout.patch.sig,,Reliability
6.2,All,https://ftp.openbsd.org/pub/OpenBSD/patches/6.2/common/015_libcrypto.patch.sig,,Security
6.2,All,https://ftp.openbsd.org/pub/OpenBSD/patches/6.2/common/016_perl.patch.sig,,Security
6.2,amd64,https://ftp.openbsd.org/pub/OpenBSD/patches/6.2/common/017_intelfpu.patch.sig,,Security
6.2,All,https://ftp.openbsd.org/pub/OpenBSD/patches/6.2/common/018_execsize.patch.sig,,Reliability
6.2,"amd64, i386", https://ftp.openbsd.org/pub/OpenBSD/patches/6.2/common/019_amdlfence.patch.sig,,Security
6.2,i386,https://ftp.openbsd.org/pub/OpenBSD/patches/6.2/common/020_ioport.patch.sig,,Security
6.2,amd64,https://ftp.openbsd.org/pub/OpenBSD/patches/6.2/common/021_fpuinit.patch.sig,,Reliability
6.2,amd64,https://ftp.openbsd.org/pub/OpenBSD/patches/6.2/common/022_fpufork.patch.sig,,Security
6.2,amd64,https://ftp.openbsd.org/pub/OpenBSD/patches/6.2/common/023_vmml1tf.patch.sig,,Security
6.2,amd64,https://ftp.openbsd.org/pub/OpenBSD/patches/6.2/common/024_ldtr.patch.sig,,Security
6.3,All,https://ftp.openbsd.org/pub/OpenBSD/patches/6.3/common/001_perl.patch.sig,,Security
6.3,All,https://ftp.openbsd.org/pub/OpenBSD/patches/6.3/common/002_libtls.patch.sig,,Reliability
6.3,All,https://ftp.openbsd.org/pub/OpenBSD/patches/6.3/common/003_arp.patch.sig,,Reliability
6.3,All,https://ftp.openbsd.org/pub/OpenBSD/patches/6.3/common/004_gif.patch.sig,,Security
6.3,All,https://ftp.openbsd.org/pub/OpenBSD/patches/6.3/common/005_httpd.patch.sig,,Reliability
6.3,All,https://ftp.openbsd.org/pub/OpenBSD/patches/6.3/common/006_ipseclen.patch.sig,,Reliability
6.3,All,https://ftp.openbsd.org/pub/OpenBSD/patches/6.3/common/007_libcrypto.patch.sig,,Reliability
6.3,All,https://ftp.openbsd.org/pub/OpenBSD/patches/6.3/common/008_ipsecout.patch.sig,,Reliability
6.3,All,https://ftp.openbsd.org/pub/OpenBSD/patches/6.3/common/009_libcrypto.patch.sig,,Security
6.3,All,https://ftp.openbsd.org/pub/OpenBSD/patches/6.3/common/010_intelfpu.patch.sig,,Security
6.3,amd64,ihttps://ftp.openbsd.org/pub/OpenBSD/patches/6.3/common/010_intelfpu.patch.sig,,Security
6.3,All,https://ftp.openbsd.org/pub/OpenBSD/patches/6.3/common/011_perl.patch.sig,,Security
6.3,All,https://ftp.openbsd.org/pub/OpenBSD/patches/6.3/common/012_execsize.patch.sig,,Reliability
6.3,All,https://ftp.openbsd.org/pub/OpenBSD/patches/6.3/common/013_ipsecexpire.patch.sig,,Reliability
6.3,"amd64, i386",https://ftp.openbsd.org/pub/OpenBSD/patches/6.3/common/014_amdlfence.patch.sig,,Security
6.3,i386,https://ftp.openbsd.org/pub/OpenBSD/patches/6.3/common/015_ioport.patch.sig,,Security
6.3,amd64,https://ftp.openbsd.org/pub/OpenBSD/patches/6.3/common/016_fpuinit.patch.sig,,Reliability
6.3,amd64,https://ftp.openbsd.org/pub/OpenBSD/patches/6.3/common/017_fpufork.patch.sig,,Security
6.3,amd64,https://ftp.openbsd.org/pub/OpenBSD/patches/6.3/common/018_vmml1tf.patch.sig,,Security
6.3,amd64,https://ftp.openbsd.org/pub/OpenBSD/patches/6.3/common/019_ldtr.patch.sig,,Security
6.3,All,https://ftp.openbsd.org/pub/OpenBSD/patches/6.3/common/020_xserver.patch.sig,,Security
6.3,"amd64, i386, arm64",https://ftp.openbsd.org/pub/OpenBSD/patches/6.3/common/021_syspatch.patch.sig,,Reliability
6.3,All,https://ftp.openbsd.org/pub/OpenBSD/patches/6.3/common/022_blinding.patch.sig,,Security
6.3,All,https://ftp.openbsd.org/pub/OpenBSD/patches/6.3/common/023_lockf.patch.sig,,Reliability
6.3,All,https://ftp.openbsd.org/pub/OpenBSD/patches/6.3/common/024_perl.patch.sig,,Security
6.3,All,https://ftp.openbsd.org/pub/OpenBSD/patches/6.3/common/025_uipc.patch.sig,,Reliability
6.3,All,https://ftp.openbsd.org/pub/OpenBSD/patches/6.3/common/026_recvwait.patch.sig,,Reliability
6.3,All,https://ftp.openbsd.org/pub/OpenBSD/patches/6.3/common/027_pcbopts.patch.sig,,Security
6.4,All,https://ftp.openbsd.org/pub/OpenBSD/patches/6.4/common/001_xserver.patch.sig,,Security
6.4,"amd64, i386, arm64",https://ftp.openbsd.org/pub/OpenBSD/patches/6.4/common/002_syspatch.patch.sig,,Reliability
6.4,All,https://ftp.openbsd.org/pub/OpenBSD/patches/6.4/common/003_portsmash.patch.sig,,Security
6.4,All,https://ftp.openbsd.org/pub/OpenBSD/patches/6.4/common/004_lockf.patch.sig,,Reliability
6.4,All,https://ftp.openbsd.org/pub/OpenBSD/patches/6.4/common/005_perl.patch.sig,,Security
6.4,All,https://ftp.openbsd.org/pub/OpenBSD/patches/6.4/common/006_uipc.patch.sig,,Reliability
6.4,All,https://ftp.openbsd.org/pub/OpenBSD/patches/6.4/common/007_smtpd.patch.sig,,Reliability
6.4,"amd64, i386",https://ftp.openbsd.org/pub/OpenBSD/patches/6.4/common/008_qcow2.patch.sig,,Reliability
6.4,All,https://ftp.openbsd.org/pub/OpenBSD/patches/6.4/common/009_recvwait.patch.sig,,Reliability
6.4,All,https://ftp.openbsd.org/pub/OpenBSD/patches/6.4/common/010_pcbopts.patch.sig,,Security
6.4,All,https://ftp.openbsd.org/pub/OpenBSD/patches/6.4/common/011_mincore.patch.sig,,Security
6.4,All,https://ftp.openbsd.org/pub/OpenBSD/patches/6.4/common/012_nfs.patch.sig,,Reliability
6.4,All,https://ftp.openbsd.org/pub/OpenBSD/patches/6.4/common/013_unveil.patch.sig,,Security
6.4,All,https://ftp.openbsd.org/pub/OpenBSD/patches/6.4/common/014_pf6frag.patch.sig,,Security
6.4,All,https://ftp.openbsd.org/pub/OpenBSD/patches/6.4/common/015_pficmp.patch.sig,,Security
6.4,"amd64, i386",https://ftp.openbsd.org/pub/OpenBSD/patches/6.4/common/016_vmmints.patch.sig,,Security
6.5,All,https://ftp.openbsd.org/pub/OpenBSD/patches/6.5/common/001_rip6cksum.patch.sig,,Reliability
6.5,All,https://ftp.openbsd.org/pub/OpenBSD/patches/6.5/common/002_srtp.patch.sig,,Reliability
6.5,amd64,https://ftp.openbsd.org/pub/OpenBSD/patches/6.5/common/003_mds.patch.sig,,Security
6.5,All,https://ftp.openbsd.org/pub/OpenBSD/patches/6.5/common/004_bgpd.patch.sig,,Reliability
6.5,All,https://ftp.openbsd.org/pub/OpenBSD/patches/6.5/common/005_libssl.patch.sig,,Reliability
6.5,All,https://ftp.openbsd.org/pub/OpenBSD/patches/6.5/common/006_tcpsack.patch.sig,,Reliability
6.5,All,https://ftp.openbsd.org/pub/OpenBSD/patches/6.5/common/007_smtpd.patch.sig,,Reliability
6.5,amd64,https://ftp.openbsd.org/pub/OpenBSD/patches/6.5/common/008_swapgs.patch.sig,,Security
6.5,amd64,https://ftp.openbsd.org/pub/OpenBSD/patches/6.5/common/009_resume.patch.sig,,Reliability
6.5,amd64,https://ftp.openbsd.org/pub/OpenBSD/patches/6.5/common/010_frag6ecn.patch.sig,,Reliability
6.5,All,https://ftp.openbsd.org/pub/OpenBSD/patches/6.5/common/011_expat.patch.sig,,Security
6.5,All,https://ftp.openbsd.org/pub/OpenBSD/patches/6.5/common/012_sysupgrade.patch.sig,,Reliability
6.5,All,https://ftp.openbsd.org/pub/OpenBSD/patches/6.5/common/013_unbound.patch.sig,,Reliability
6.5,All,https://ftp.openbsd.org/pub/OpenBSD/patches/6.5/common/014_dhcpd.patch.sig,,Security
6.6,All,https://ftp.openbsd.org/pub/OpenBSD/patches/6.6/common/001_bpf.patch.sig,,Reliability
6.6,All,https://ftp.openbsd.org/pub/OpenBSD/patches/6.6/common/002_ber.patch.sig,,Reliability
6.6,All,https://ftp.openbsd.org/pub/OpenBSD/patches/6.6/common/003_bgpd.patch.sig,,Reliability
6.6,All,https://ftp.openbsd.org/pub/OpenBSD/patches/6.6/common/004_net80211.patch.sig,,Reliability
6.6,All,https://ftp.openbsd.org/pub/OpenBSD/patches/6.6/common/005_sysupgrade.patch.sig,,Reliability
6.6,All,https://ftp.openbsd.org/pub/OpenBSD/patches/6.6/common/006_ifioctl.patch.sig,,Security
6.6,"amd64","i386",https://ftp.openbsd.org/pub/OpenBSD/patches/6.6/common/007_inteldrm.patch.sig,,Security
6.6,All,https://ftp.openbsd.org/pub/OpenBSD/patches/6.6/common/008_mesa.patch.sig,,Security
6.6,All,https://ftp.openbsd.org/pub/OpenBSD/patches/6.6/common/009_mesaxlock.patch.sig,,Security
6.6,All,https://ftp.openbsd.org/pub/OpenBSD/patches/6.6/common/010_libcauth.patch.sig,,Security
6.6,All,https://ftp.openbsd.org/pub/OpenBSD/patches/6.6/common/011_xenodm.patch.sig,,Security
6.6,All,https://ftp.openbsd.org/pub/OpenBSD/patches/6.6/common/012_suauth.patch.sig,,Security
6.6,All,https://ftp.openbsd.org/pub/OpenBSD/patches/6.6/common/013_ldso.patch.sig,,Security
6.6,arm64,https://ftp.openbsd.org/pub/OpenBSD/patches/6.6/common/014_eret.patch.sig,,Security
6.6,All,https://ftp.openbsd.org/pub/OpenBSD/patches/6.6/common/015_ftp.patch.sig,,Security
6.6,All,https://ftp.openbsd.org/pub/OpenBSD/patches/6.6/common/016_ripd.patch.sig,,Security
6.6,"amd64","i386",https://ftp.openbsd.org/pub/OpenBSD/patches/6.6/common/017_inteldrmctx.patch.sig,,Security
6.6,All,https://ftp.openbsd.org/pub/OpenBSD/patches/6.6/common/018_smtpd_tls.patch.sig,,Reliability
6.6,All,https://ftp.openbsd.org/pub/OpenBSD/patches/6.6/common/019_smtpd_exec.patch.sig,,Security
6.6,amd64,https://ftp.openbsd.org/pub/OpenBSD/patches/6.6/common/020_vmm_pvclock.patch.sig,,Security
6.6,All,https://ftp.openbsd.org/pub/OpenBSD/patches/6.6/common/021_smtpd_envelope.patch.sig,,Security
6.6,All,https://ftp.openbsd.org/pub/OpenBSD/patches/6.6/common/022_sysctl.patch.sig,,Reliability
6.6,All,https://ftp.openbsd.org/pub/OpenBSD/patches/6.6/common/023_sosplice.patch.sig,,Reliability
6.6,All,https://ftp.openbsd.org/pub/OpenBSD/patches/6.6/common/024_dhcpd.patch.sig,,Security
6.6,"i386","amd64","arm64","loongson","macppc","sparc64",https://ftp.openbsd.org/pub/OpenBSD/patches/6.6/common/025_drm.patch.sig,,Security
6.6,All,https://ftp.openbsd.org/pub/OpenBSD/patches/6.6/common/026_ospfd_lsa.patch.sig,,Reliability
6.6,All,https://ftp.openbsd.org/pub/OpenBSD/patches/6.6/common/027_wscons.patch.sig,,Security
